"row_id","CERF.A1","CERF.C2","Ratios.ratio_pronouns","Ratios.ratio_coconjunctions","TTR.ttr","author"
-1.81872183923063,0.265571905030235,-0.450509813603629,-1.58170212721106,-1.82499297493732,0.397061536744388,"davinci"
-1.81697160774663,-1.40393706417165,-0.450509813603629,-0.52902524239012,-0.209761409107716,1.64760763941517,"bloomz"
-1.81522137626263,0.215053399293619,-0.152746462690976,0.462500288125866,-0.30568672772156,-0.813371169312669,"human"
-1.81347114477862,-0.479988937049693,0.555268616145778,-0.513449921135117,0.585492907742072,-0.209014663328519,"davinci"
-1.81172091329462,0.513415808598801,-0.450509813603629,-0.213222176943841,-0.0751587786219156,0.601793467088695,"cohere"
-1.80997068181062,-0.725803709244005,0.460765944894156,-0.0611688491363687,-0.658436844060384,0.969524736227971,"davinci"
-1.80647021884262,0.763584459569254,-0.450509813603629,1.11615834617288,-0.0251635158700473,0.014530913332989,"dolly"
-1.79421859845461,0.396954012157062,0.634284498110113,-0.615716279963609,0.317267272757641,0.0140855924675509,"human"
-1.7854674410346,-4.62121676706002,-0.450509813603629,-0.462036713356061,-1.82499297493732,2.22752969109776,"bloomz"
-1.7819669780666,0.806289750883494,-0.450509813603629,-0.380109975756915,1.63199653485652,-0.00574437498994248,"davinci"
-1.7784665150986,0.681937598825678,0.334346186489838,0.956206144193598,-1.10915171280829,-0.424047637949525,"human"
-1.77496605213059,0.533453107368045,-0.450509813603629,0.377712347035184,1.3962927046433,1.3721765039513,"bloomz"
-1.77321582064659,-0.375525748427405,2.7071666518887,-0.657978160780685,-0.0532858511679737,0.847905761753897,"davinci"
-1.76446466322659,0.160946226621693,-0.450509813603629,-0.615716279963609,-0.203823057762753,0.7622246464037,"dolly"
-1.75571350580658,0.845997221294579,-0.450509813603629,-0.477099476771151,1.35295702285523,-1.06969655904163,"human"
-1.75396327432258,-2.96463741987304,-0.450509813603629,-0.350070171970561,0.537283190088475,2.26740917158476,"bloomz"
-1.75221304283858,0.289813740032285,0.751083885654513,0.250477640915295,0.712989681701973,0.0714206538927172,"GPT"
-1.74696234838657,-1.54980943236345,2.16064572516887,-1.21128650157482,-0.581689730186902,0.101611709554078,"dolly"
-1.74346188541857,1.78271734696067,-0.450509813603629,1.34494806345943,0.0461168587464778,0.457043530864635,"GPT"
-1.73996142245057,-0.894031694606337,-0.450509813603629,-0.213222176943841,-0.512617327700766,2.4846007515704,"bloomz"
-1.73471072799856,-0.0508603793221501,-0.450509813603629,-1.58170212721106,-0.00785746337901657,2.50299827459077,"bloomz"
-1.73296049651456,-0.0866874388726901,0.175204877715126,-0.00521322450322293,-1.06906460212907,-0.00890539174809674,"GPT"
-1.72070887612655,-2.1239581650991,0.318782469774105,-0.441302168655042,-1.38753442585847,1.26378317542008,"bloomz"
-1.71895864464255,1.01062040829142,-0.450509813603629,0.823259678879849,0.271701846091491,-0.576357484413433,"cohere"
-1.71720841315855,1.31756920210583,0.378681563594356,0.200923071163342,0.19537479778211,-0.419179025150236,"davinci"
-1.70670702425454,-0.25620473406147,-0.450509813603629,-0.427047169173092,-0.49621263211031,0.222254227531707,"GPT"
-1.68745447793053,-1.24758034833572,-0.450509813603629,0.471017798189772,-1.10915171280829,1.65123050471315,"bloomz"
-1.68570424644653,0.0327360929624354,1.0094911328068,-0.184105582257298,0.352992141753129,-0.16391460381839,"GPT"
-1.68220378347852,0.33891140786232,-0.450509813603629,0.789763128220956,0.816061122607051,-0.208913058630355,"davinci"
-1.68045355199452,0.25990041982272,-0.450509813603629,-0.965886149590808,-1.82499297493732,1.84583875230328,"bloomz"
-1.67345262605852,0.676288823734271,1.0665861418843,-0.0329433811002542,0.155358301132208,-0.148735624238341,"davinci"
-1.66820193160651,-0.962105695010669,-0.450509813603629,-1.15206307305739,-1.00094314992832,0.190218511814083,"dolly"
-1.66120100567051,-1.17530145324842,-0.450509813603629,-0.873867670176288,1.97637096878235,-1.34750567406201,"cohere"
-1.65770054270251,1.06647783560353,-0.0825420954026266,1.60905423351561,0.745359328976747,-0.0328000033132986,"human"
-1.64194845934649,0.778454624137429,-0.450509813603629,1.32439574470471,-1.29414439852703,0.71789497843508,"human"
-1.63494753341049,-1.1364998993913,-0.450509813603629,-1.58170212721106,0.00493926557562076,-0.0526923870827718,"dolly"
-1.62269591302248,-3.229253525977,-0.450509813603629,-0.0952497674380427,-0.603125993027425,2.02593236426969,"bloomz"
-1.61744521857048,0.812433959462892,-0.015317223808213,0.653794229903534,-0.206995601631981,-1.07640110600903,"GPT"
-1.61569498708647,-0.332280564646601,0.585979407893852,-0.45348964912816,-1.64466655012619,-0.149015323731159,"cohere"
-1.61394475560247,2.7834429157312,-0.450509813603629,-0.328271376302585,1.62434832797645,-2.37446595632242,"dolly"
-1.61219452411847,-1.22561080563712,4.01594045008618,-0.904981272683312,-1.0462206128409,0.205544458667051,"cohere"
-1.60869406115047,-0.192367256988239,2.58368209737224,-0.736464510869539,-0.435418760216264,0.242816320782558,"human"
-1.60694382966647,-1.16127389797024,2.11137863953166,-0.59639656301866,-1.15005692778709,0.974858357750032,"bloomz"
-1.60519359818247,-0.969004685091839,-0.450509813603629,-1.58170212721106,-1.40315794546843,-2.11057485540226,"cohere"
-1.59994290373046,1.28953629915219,0.0129034560761321,-0.882903854734179,1.52575335843261,-0.218537951139313,"davinci"
-1.59819267224646,0.847168391128927,1.60676424724744,-0.586443981562171,-0.631924204722272,-0.125568839343471,"cohere"
-1.59469220927846,0.562564769028188,-0.450509813603629,0.246699950671744,0.12327602714581,-0.851986711350162,"GPT"
-1.59294197779446,0.13226123938191,-0.0728183309439072,-0.544538375429586,0.10212705442583,-0.647691235204971,"davinci"
-1.58594105185845,-0.835683730888028,-0.450509813603629,-0.510717818306278,-0.797916381447844,1.24211089330209,"davinci"
-1.57718989443844,1.67173359502688,-0.450509813603629,1.3088626657003,-0.378701445329689,0.00097212376671068,"cohere"
-1.57018896850244,1.22429511229156,-0.450509813603629,-0.290475077362155,-0.205690765040605,-0.826161599965557,"davinci"
-1.56843873701844,0.0806571176021322,-0.317912071400338,-0.767003946701779,0.794651799507622,-1.00888005271045,"davinci"
-1.56668850553444,1.01996148207753,0.0171598351317431,-0.509522523318661,0.33691155109075,-0.788177074344929,"dolly"
-1.56493827405044,-0.19512720105742,0.457718199882458,-0.213222176943841,0.0123329311938547,-0.298117210241664,"GPT"
-1.56318804256643,1.08645819194169,1.61301735989439,-0.797223174828575,-0.922212274927463,-0.636622653939395,"cohere"
-1.55443688514643,1.66330498037722,0.260380699570035,4.27967886459611,0.167288128096484,-0.119189301590906,"human"
-1.55093642217842,0.112351780852512,-0.450509813603629,0.177772094561081,-0.700099563020275,1.87380298729424,"bloomz"
-1.54218526475842,0.0306062465347967,-0.450509813603629,0.75683955995444,-1.22694837619661,2.17437398441041,"bloomz"
-1.53868480179042,-0.0480738302459975,-0.450509813603629,0.813137785756566,0.799758319535783,0.426423352048004,"cohere"
-1.53518433882241,-0.580782110756449,-0.450509813603629,-0.662157907235121,-0.346343490041838,-1.28540956956142,"human"
-1.52993364437041,0.124692212475477,-0.450509813603629,4.57645764899141,2.11213396677235,2.71273003702295,"bloomz"
-1.52818341288641,0.380896400829482,-0.450509813603629,3.40347483447666,-0.137652857061753,1.48669807720513,"bloomz"
-1.5246829499184,1.53901496442233,-0.450509813603629,0.84560172618262,1.10629861670053,-0.441791026818056,"cohere"
-1.5141815610144,-1.28833224642536,-0.450509813603629,-0.526017594147775,-0.475120880636866,1.7908493797651,"bloomz"
-1.50893086656239,-0.484658289555674,-0.450509813603629,1.35075490907583,0.746191966587355,-0.231801910315126,"davinci"
-1.49667924617438,0.0309574446159561,-0.450509813603629,0.611615053354209,-1.50139350027625,1.49658758723637,"bloomz"
-1.48792808875438,0.850737937466146,-0.450509813603629,-0.103743780922463,1.95464888910395,0.720278293917264,"davinci"
-1.48617785727038,-0.253332569075642,9.51500123345472,-0.360248948460152,0.322530811449766,-0.14549847419044,"GPT"
-1.48267739430237,0.642990340639911,0.115240553130412,0.676289790729846,2.11213396677235,-0.0775762856684776,"cohere"
-1.48092716281837,0.38076532327482,-0.450509813603629,-0.371427951541206,0.769414373934947,-0.382383307372865,"GPT"
-1.47917693133437,-0.305076732306829,-0.113167980023083,0.0264797251730255,-0.0946632999184255,-0.0877436976192988,"human"
-1.47742669985037,0.960539193811074,-0.450509813603629,0.029778935720431,0.603515232098544,-1.62172638657538,"dolly"
-1.47392623688237,-0.747710362030299,-0.450509813603629,-1.40320474239359,-0.11319865245486,0.476150522446211,"davinci"
-1.47217600539836,1.50892745720731,-0.0608969355084501,1.17225752425838,1.25623680553112,-2.41968863647851,"cohere"
-1.46342484797836,0.189479478496029,-0.450509813603629,0.532293019843523,0.819346015763204,0.152833299044143,"GPT"
-1.46167461649436,-0.166060396007009,0.653393340999378,-0.0888149087377319,0.143570495917508,-0.432393831319741,"GPT"
-1.45467369055835,0.593870583395569,-0.450509813603629,1.43014894237268,0.238130313294815,-0.374503148712841,"dolly"
-1.45117322759035,-1.03264394870987,1.09244573203467,-0.576288286198407,-0.619750033597628,0.0332478842530737,"dolly"
-1.44592253313834,-0.234129568561435,-0.450509813603629,-0.160588332702798,-0.613569300565117,1.9950116032453,"bloomz"
-1.43717137571834,-0.530379032843454,-0.450509813603629,1.85962245360797,0.954155454504782,-1.59162599474483,"dolly"
-1.43192068126633,1.09730104557416,-0.450509813603629,0.843519097393779,0.0903660777862981,-0.625248260325454,"cohere"
-1.42316952384633,-0.68504511874627,-0.450509813603629,-0.462036713356061,1.31369563593612,-0.303300235256145,"davinci"
-1.42141929236233,-0.0873388399554243,-0.450509813603629,1.03879139457724,-0.5684630999236,0.571931437562797,"human"
-1.41616859791032,1.05883418765556,-0.450509813603629,1.98964445146436,0.248478267091591,-1.12083382503827,"human"
-1.41266813494232,-0.407245340114333,0.442780239134331,0.215529052109839,0.304097130879921,-0.0879956520713575,"davinci"
-1.41091790345832,-1.52987488897251,-0.450509813603629,-0.67162925388064,0.036899568925376,-0.0101977162631819,"davinci"
-1.40566720900631,-0.09126534092637,-0.450509813603629,-1.26910518425661,0.932994425854217,-0.154585939823697,"davinci"
-1.40391697752231,-0.839735950058334,-0.450509813603629,0.128897810622966,1.45594614315406,0.341046333544615,"human"
-1.40216674603831,-0.398894672098792,0.0113272204649756,-1.00550004288802,0.24717909964671,0.00748363278413206,"GPT"
-1.39516582010231,1.36688643477363,-0.450509813603629,1.04457189499294,0.780458677664664,-0.251273252643558,"cohere"
-1.39341558861831,0.830741193189266,-0.450509813603629,1.49737776089018,-1.57892254108046,-0.50494042029112,"cohere"
-1.3916653571343,-1.78358725940265,-0.450509813603629,-0.648647615665226,-0.751231081743778,1.68071660283287,"bloomz"
-1.3899151256503,-1.02407304173972,-0.450509813603629,-1.23958213964425,-1.49689906312818,1.13656406480538,"davinci"
-1.3811639682303,1.17507299348956,-0.450509813603629,-0.881911243551684,0.0540903381513797,-0.711029425234241,"cohere"
-1.37766350526229,-0.0673694459641497,-0.350080754420071,0.642409947300909,0.973042871015573,-0.831863092516044,"human"
-1.37591327377829,-2.05085329187858,-0.450509813603629,-0.111096807520912,-0.0621003144703085,0.663879836792647,"human"
-1.37416304229429,0.407124200283829,-0.185314329197047,-0.466261865861175,0.0469994577246305,-0.334137860741758,"dolly"
-1.36891234784229,-0.405143374021382,-0.21800966289101,0.271195504566677,0.349137300838633,-0.440111004948448,"human"
-1.36716211635829,0.716185114464658,-0.450509813603629,-0.599017056540448,0.562413787588748,-0.435991579596259,"davinci"
-1.36541188487428,-0.59882800689857,-0.450509813603629,0.29507037601255,-1.60001429255391,2.02834218066532,"bloomz"
-1.35841095893828,0.328826391445264,-0.450509813603629,-0.811932155185746,-0.840711239509904,-0.383310265547285,"cohere"
-1.35491049597028,-1.2874057489521,0.103694627278697,-0.462036713356061,-0.751231081743778,0.659566467950053,"dolly"
-1.34440910706627,0.156894167183922,-0.450509813603629,1.14906555635385,-1.39743167810007,-1.05747762137323,"dolly"
-1.33565794964626,0.171742330738241,-0.450509813603629,0.133228443376975,1.16523001876623,-0.0871283753303071,"davinci"
-1.32690679222625,1.37915715099735,-0.450509813603629,-0.940968740091724,-0.732610933306894,-0.451806732418308,"dolly"
-1.32165609777425,0.359734386875627,3.33870194498716,0.554802284940822,0.103395731206186,0.0265880280324369,"cohere"
-1.31815563480625,-1.59921243120187,0.205432640580767,0.321729076342441,-1.18073583902119,2.17618324672316,"bloomz"
-1.31465517183825,0.733129145538067,-0.450509813603629,0.293622249081058,-0.172371789528328,-0.60878276584316,"GPT"
-1.30240355145024,0.0543703558903558,0.572958186518255,1.33685700842993,-0.817387027769918,0.0105185386839409,"human"
-1.29890308848223,-0.766527739612138,-0.450509813603629,-0.825436891537068,2.31935117423074,-0.0441680415908307,"cohere"
-1.29540262551423,0.255660019054664,-0.450509813603629,-0.823774770139982,2.17270515049094,-0.784566030393034,"cohere"
-1.29365239403023,-0.222517213188071,-0.450509813603629,-0.609361109915929,-0.374472522728499,0.78747390712369,"bloomz"
-1.27965054215822,-0.473344089252713,1.11618350965987,-0.72423684191704,-0.180370328400373,-0.00890539174809674,"GPT"
-1.27790031067422,-1.70255628395135,-0.450509813603629,-0.652168576086155,-0.0421430390687964,2.05013797226906,"bloomz"
-1.27264961622221,0.677335397325506,-0.450509813603629,-0.64331587559925,-0.250142198253456,0.0804690510320591,"GPT"
-1.27089938473821,-0.401740639673597,-0.450509813603629,-0.746697411793772,0.777514664497884,0.361674432258676,"cohere"
-1.26914915325421,-0.802518178277608,-0.450509813603629,0.377712347035184,0.590971284748146,0.216381208532218,"davinci"
-1.26564869028621,-0.134456851606736,-0.450509813603629,0.727607788864871,-0.348570371796198,2.53212768603968,"bloomz"
-1.26389845880221,0.174316501342283,-0.450509813603629,1.69391477502431,0.436760800087377,-0.0816110190415046,"dolly"
-1.2586477643502,0.308824442218106,0.442780239134331,0.0950245445272394,0.104589041049097,-0.323676771592766,"human"
-1.2498966069302,1.27056819462214,-0.450509813603629,-0.0282924539347581,-1.39935762988763,-1.54145867502726,"cohere"
-1.24814637544619,-0.643767150959068,1.11920218658331,-1.01150214793305,-0.950075876779618,0.842964520960926,"human"
-1.24464591247819,-0.917599627679366,-0.450509813603629,-0.501323219105359,-1.41055856002051,1.61694049173123,"bloomz"
-1.23589475505819,1.27684829813891,-0.192862587766496,0.157072397834344,0.120410925672159,-0.606225167332339,"dolly"
-1.22364313467018,-1.33980133571007,0.602049008227146,-0.738118596224416,-0.854194550954116,1.76126399281844,"bloomz"
-1.21489197725017,1.28794026704001,0.0599416451037769,-1.10059589469524,1.4969578821302,-0.206894384155549,"GPT"
-1.21314174576617,-0.549095354138285,-0.450509813603629,-0.213222176943841,-0.775092457148078,1.5345724185281,"bloomz"
-1.21139151428217,0.605969045771021,1.48920572948452,-0.338770796234404,-0.741380055200717,-0.0148059563633154,"GPT"
-1.20614081983016,0.680477312173813,-0.450509813603629,0.562434475029482,0.374697381159574,-0.152419124338659,"davinci"
-1.19563943092615,1.33457963627573,-0.450509813603629,-0.64331587559925,0.499786743024573,-0.954378675015268,"davinci"
-1.18513804202215,0.796466970824519,-0.450509813603629,-0.578150163681764,0.799758319535783,0.00192992845330808,"GPT"
-1.18163757905414,0.0648885823026558,-0.450509813603629,-0.279014482245145,0.219284475565771,0.126038300359432,"GPT"
-1.17988734757014,0.615711491789148,-0.450509813603629,1.72099808795899,-0.769227091126908,-0.65217692340207,"dolly"
-1.17638688460214,-1.27471273356849,0.152957244246015,-0.531473328168773,-0.726259874925323,0.256538063650561,"GPT"
-1.17113619015014,-0.361035268290639,-0.203187248911152,-0.515597017891265,0.273612274174434,-0.824424998564858,"human"
-1.16413526421413,-0.759989075253466,0.485904586507888,0.117100569672389,-1.55346697895734,2.20188338709886,"bloomz"
-1.16063480124613,1.12190411256084,-0.450509813603629,0.661968488924729,0.00622885841600858,-2.08326572797705,"dolly"
-1.15188364382612,-0.49115078812439,-0.450509813603629,-0.255329252336673,-0.855854035439558,-0.491803985551885,"GPT"
-1.15013341234212,-0.499923480440629,0.710003759184148,-0.43357064351229,-0.0232569168667975,0.0175872608111648,"GPT"
-1.14663294937412,-0.304949656923986,0.145016888221678,0.23545977396344,2.24122009600873,-0.538112280675798,"dolly"
-1.13788179195411,-0.645455006135052,-0.450509813603629,-0.0177250411913801,0.0498293782577564,0.187803965023921,"GPT"
-1.13613156047011,-0.00670731297465837,1.46188579225792,-0.168353981853108,0.885815739026713,0.669343437326596,"dolly"
-1.13088086601811,-0.635085725401929,0.320967959215519,0.203271720963573,1.76977510227584,0.00706003347244138,"davinci"
-1.1291306345341,0.632699222571664,-0.450509813603629,0.959760637570912,2.11213396677235,-0.150827816834432,"GPT"
-1.1273804030501,1.04115314108411,0.223894597072712,0.289131222521338,1.53900789297915,-0.678514108350494,"davinci"
-1.1256301715661,0.731391656892252,-0.450509813603629,-0.0888149087377319,0.799758319535783,-0.630993489752903,"cohere"
-1.1238799400821,0.757498066629722,-0.450509813603629,0.881561783269933,-0.387085744052053,-0.522705445046897,"cohere"
-1.1168790141461,0.549408734165778,3.94977081655003,-0.213222176943841,1.5155995816648,0.0461404860995545,"cohere"
-1.11337855117809,-1.93723294956998,-0.450509813603629,-1.58170212721106,-1.82499297493732,2.14736615568404,"bloomz"
-1.09937669930608,-0.506329948047583,-0.450509813603629,-0.665612243147878,1.2336015087049,-0.876435236816393,"GPT"
-1.09412600485408,-1.16047559511592,-0.450509813603629,-1.05536368480059,-0.613569300565117,0.28885637908967,"human"
-1.09237577337008,-0.795032897306501,0.436941742057613,-0.132723356339891,-0.157503917272054,1.57054219566933,"bloomz"
-1.09062554188608,0.385965449214103,-0.450509813603629,-0.111096807520912,2.05337087809011,-0.794402753855364,"cohere"
-1.08887531040207,-0.260871029207816,-0.450509813603629,-0.85244636423971,0.19537479778211,-0.838461842637094,"human"
-1.08712507891807,0.6383626787813,-0.450509813603629,1.47193081966621,1.29867798708027,-0.260817200944689,"human"
-1.08362461595007,-0.916017521061039,-0.450509813603629,0.177772094561081,1.90491675931393,-0.400510489450454,"dolly"
-1.08012415298207,-2.42211755522905,-0.450509813603629,-0.0888149087377319,-1.10915171280829,1.41239310994345,"bloomz"
-1.07837392149807,-0.652754979771169,-0.450509813603629,-0.749518373670181,0.0903660777862981,0.0860494443223614,"dolly"
-1.06437206962606,-0.834577306990145,-0.450509813603629,0.251083520468254,-1.12193459248917,2.10484895322562,"bloomz"
-1.06262183814205,0.660412126460561,-0.450509813603629,1.49737776089018,0.537283190088475,-0.592748286015273,"davinci"
-1.05912137517405,2.62884532341355,0.299656418529906,0.121618661951336,-1.57368699993458,-0.501991810479142,"cohere"
-1.05737114369005,-2.44426372712214,-0.450509813603629,-0.68050801362045,0.479666698258578,2.22388156819607,"bloomz"
-1.05387068072205,1.03018953050392,0.507937866510512,1.8646074723151,-0.416296179279735,-0.477063598653288,"human"
-1.03811859736604,-2.40744026283064,-0.450509813603629,-1.16419976950241,-0.824028498231474,1.03744933342359,"dolly"
-1.03636836588203,1.3589737975013,-0.179130557075642,1.92990497743847,0.376293576616619,-0.961759284843984,"human"
-1.01711581955802,0.216356291910668,-0.450509813603629,-1.33781461132185,-0.187771870463997,-0.299518349101578,"cohere"
-1.01536558807402,0.225127974153271,0.199155679296706,-0.851073001220932,-0.223449812207968,-0.233846250940448,"GPT"
-1.01361535659002,-0.230948524403309,-0.450509813603629,-0.760614157050726,-0.475120880636866,0.475591237746394,"cohere"
-1.00311396768601,-0.598303425450389,0.0778173771207669,-0.265454236114339,-0.923360850881673,-0.125306906999769,"GPT"
-0.990862347297999,-0.806104655306059,2.66371238860211,-1.11790766707865,-1.03427291969856,-0.871730943351326,"dolly"
-0.985611652845995,-0.134456851606736,-0.450509813603629,1.27744348316866,-1.19224043073398,-0.0955093360125882,"dolly"
-0.97861072690999,0.304930834899439,-0.450509813603629,-1.04620997275867,0.91387794103461,0.255048559724925,"davinci"
-0.973360032457986,-0.169476995401634,-0.450509813603629,1.40940404980157,-0.587610221828569,-0.501421058128407,"human"
-0.968109338005982,0.657387510866694,-0.450509813603629,-0.350070171970561,0.143570495917508,0.505736169961412,"cohere"
-0.966359106521981,-0.921745147552705,0.122401950177679,-0.470455250302339,0.128769266813337,-0.0336712313777143,"GPT"
-0.964608875037979,-0.62669529734949,-0.450509813603629,1.49737776089018,-1.35253774193216,1.94567735531875,"bloomz"
-0.961108412069977,1.16800217512771,-0.0987479275513756,1.19480921697272,0.632866618731126,-0.512911952631622,"davinci"
-0.959358180585975,0.372573925945426,-0.450509813603629,-0.995210719953677,-1.07506403365929,-0.938578363290862,"dolly"
-0.957607949101974,0.85759815933299,-0.450509813603629,-0.0823240947443621,1.6670674429269,-0.159707354806103,"dolly"
-0.95235725464997,-0.47381872123821,2.24353955179656,-1.31588228075627,-0.465409570605926,-0.171081696419486,"dolly"
-0.940105634261961,-0.861892820960328,0.343525788830113,-0.67418384440227,-0.830350379136986,1.25477651272169,"bloomz"
-0.934854939809957,-0.17976263204069,-0.450509813603629,-1.23638475658288,0.824288705465432,-0.423646001883588,"GPT"
-0.933104708325955,0.91833622122726,3.79261793690169,0.0355923594683773,-0.154696696636253,-0.332795923768508,"cohere"
-0.924353550905949,-0.721691184009791,-0.450509813603629,-0.657978160780685,-0.0532858511679737,0.00905919854082202,"GPT"
-0.922603319421948,0.719210653605265,0.348196586491489,-0.32207853662419,-1.28811202834055,-0.193905447037108,"cohere"
-0.915602393485942,-0.12013922375689,-0.450509813603629,-0.915955124378355,-0.122451594738548,-0.302017587211644,"davinci"
-0.910351699033938,0.198734802213257,-0.450509813603629,-0.0691716558630758,0.039961892188307,0.067436778503382,"GPT"
-0.908601467549937,1.08030438627865,1.67105406164903,-0.228260418155566,-0.786629825475431,0.174639243525532,"cohere"
-0.906851236065936,0.0732235830236121,-0.450509813603629,-0.817240913613507,0.129994196118511,-0.526785303959075,"cohere"
-0.898100078645929,0.786962042907804,1.05815783102048,-0.607029356876852,1.40401761034973,-0.430150727689489,"cohere"
-0.887598689741921,-0.255932975395274,-0.450509813603629,0.418383953948717,-0.411665354836417,0.139146535511443,"human"
-0.880597763805916,0.535928758181233,-0.450509813603629,-0.863250153320768,1.71842127260137,0.157593273695532,"GPT"
-0.878847532321914,-2.03646833110924,-0.450509813603629,0.342722802852217,-0.348570371796198,1.6700070294592,"bloomz"
-0.87359683786991,-0.134456851606736,-0.450509813603629,-0.803829313374954,-0.830350379136986,0.472036462111948,"human"
-0.871846606385909,1.57213454600785,6.17290911401443,-0.421469125897547,-0.797916381447844,-0.670260342370872,"cohere"
-0.866595911933905,-0.97494030268419,-0.450509813603629,-0.374219818151748,-0.435418760216264,2.23554217387451,"bloomz"
-0.864845680449904,-0.430627210557838,-0.450509813603629,-0.341804185693783,-1.34936690144219,1.46892949807734,"bloomz"
-0.861345217481901,0.239022681923512,0.348196586491489,0.238971197927069,1.6670674429269,-0.29097222143554,"davinci"
-0.856094523029897,2.18511267269036,-0.234643218983328,4.24055802483492,0.0648279570833162,-0.774995364291056,"human"
-0.854344291545896,-0.189594950347638,1.71619371856929,-0.619489662179419,1.0048170144165,-0.42420136388312,"davinci"
-0.852594060061894,2.02148914369908,-0.450509813603629,-0.485043536928423,1.0874022970123,-0.574434541208745,"cohere"
-0.84734336560989,-0.739945319088549,-0.450509813603629,1.10262392908233,0.597854373807095,0.231410780035497,"cohere"
-0.845593134125889,-1.58165292375417,-0.450509813603629,-0.262096460881956,-0.981322915999536,1.84583875230328,"bloomz"
-0.838592208189884,1.68862668059954,1.12832841914254,0.370885118901927,1.34391407570705,-0.0467058838143606,"dolly"
-0.835091745221881,-0.295242767278186,-0.450509813603629,0.716118684804786,0.466767483669794,-0.51403196721136,"cohere"
-0.829841050769877,-0.244913829740139,-0.450509813603629,0.526728359839474,-1.13455735259158,-1.2211825586521,"GPT"
-0.824590356317873,-0.536137900934172,-0.450509813603629,-0.732300778769335,-0.603125993027425,0.372123568279851,"dolly"
-0.822840124833872,-0.458393181709507,-0.450509813603629,-0.502900414591645,1.45115645101086,-0.168408644545353,"GPT"
-0.815839198897866,1.26722991009581,-0.308182677318336,0.00660152547465528,-0.542309084425575,-1.31571102263324,"GPT"
-0.814088967413865,0.182209087047339,-0.224774006427952,-0.315784914115904,0.805378771986487,-0.650210291630928,"human"
-0.801837347025856,-0.19022310590291,-0.450509813603629,-0.466542409186463,0.266358157077468,-2.71634165091049,"dolly"
-0.786085263669844,0.26340685673525,-0.450509813603629,0.842770225624558,-1.26697498319894,0.44658269522465,"human"
-0.782584800701841,0.868398477753009,-0.082209394029931,0.966154656728808,0.319018916459762,-1.07383708112279,"human"
-0.78083456921784,-0.885262551284186,-0.450509813603629,-0.118377031875813,-1.35721551651637,-0.370228405113893,"cohere"
-0.777334106249837,-1.06603845451666,-0.154692628383216,-0.442113841223409,0.444809745905969,0.0776860438222017,"GPT"
-0.775583874765836,1.6484887092789,-0.450509813603629,-0.933474782347638,0.839228263813575,-2.50595549698944,"dolly"
-0.770333180313832,-0.841227026376414,-0.450509813603629,0.423280125506033,-0.176893324919324,2.10948094714071,"bloomz"
-0.768582948829831,0.342279634204886,0.189962299680192,0.868318428912512,-0.49144997855179,-2.71736156813471,"dolly"
-0.765082485861828,0.480096643216804,-0.450509813603629,-0.230879982753736,0.918295474770066,-0.408078587967848,"davinci"
-0.756331328441821,0.521480613497623,-0.450509813603629,0.727607788864871,2.23516918370076,-0.128342240629735,"cohere"
-0.752830865473819,-0.218299195868635,-0.450509813603629,-0.485043536928423,-1.01599428828465,-0.901560490107952,"cohere"
-0.749330402505816,-0.652754979771169,0.0176973864521289,-0.938312299846618,-1.47241444284392,-0.176907578709267,"human"
-0.745829939537813,0.0621389901108063,-0.450509813603629,-0.312747991508729,-0.250142198253456,-0.802101796034166,"davinci"
-0.740579245085809,-0.250148398072015,1.3679735080415,-0.664529394585155,-0.317157124920856,-0.173668074655758,"dolly"
-0.735328550633805,-0.732493153334925,-0.450509813603629,-0.620854502555351,-0.14961980825236,-0.147346068573905,"human"
-0.730077856181801,0.748248829393093,-0.450509813603629,-0.152894754542274,0.312565503856322,-0.434845370964912,"human"
-0.726577393213799,-1.0906544525125,-0.246021729241928,-1.0738126611325,0.447987527492999,-0.0678646498137164,"human"
-0.723076930245796,0.0599049464549261,0.680990919864454,0.275520662437311,-1.2625462689788,-0.315832464081013,"GPT"
-0.721326698761795,0.376314125318792,-0.450509813603629,1.60116697060146,0.56382561890899,-0.00419015365251138,"cohere"
-0.716076004309791,-1.49684050278182,-0.450509813603629,-0.778463895532473,-1.31145467819258,1.54768828154709,"bloomz"
-0.714325772825789,-1.03846521468423,-0.450509813603629,-0.781941117314631,-0.291047413232259,1.44410864475027,"davinci"
-0.712575541341788,0.566263427407107,-0.450509813603629,-1.49931871883376,0.54518377926916,-2.87750348126275,"dolly"
-0.710825309857787,0.932627529908267,-0.450509813603629,0.453168059708024,0.845406168135328,0.290533800306236,"GPT"
-0.705574615405783,-1.57971124744986,-0.450509813603629,0.31311626546663,-0.613569300565117,2.01156796849969,"bloomz"
-0.700323920953779,-1.59679799892781,-0.450509813603629,-0.291421031244821,0.649772531280185,-2.87175265873811,"dolly"
-0.698573689469777,1.60855081290562,-0.450509813603629,-0.187401800523707,0.254998616909292,-1.61619774317793,"cohere"
-0.695073226501775,1.20178051006719,0.96386610323148,-0.338770796234404,-0.524657471253396,-0.399778565029041,"cohere"
-0.686322069081768,0.891150751828182,0.0292784832732956,0.657628700498936,0.0839170574067567,-0.353667326480125,"davinci"
-0.682821606113765,-0.665766648260652,0.685725232556789,0.0933173319160167,0.25381005028538,0.463202019712421,"GPT"
-0.681071374629764,1.6672461653458,-0.450509813603629,1.537365811385,0.0157416991087538,-0.86731150272124,"davinci"
-0.674070448693759,0.45851134586952,-0.258730028270056,1.85799072075789,0.51600142283599,-1.54509172562067,"GPT"
-0.670569985725756,-0.120708890647473,-0.270430121274491,-0.772600842746497,0.0717251137695225,-0.19227799155891,"human"
-0.665319291273752,2.52614020630402,-0.450509813603629,0.368381801919723,0.73413953717395,0.242657708291147,"dolly"
-0.663569059789751,0.311556374410129,-0.450509813603629,-0.535217459359655,2.03493539928785,-0.586344362540766,"cohere"
-0.661818828305749,-0.26907974203906,-0.450509813603629,-0.221617759460813,-0.3757437939399,0.307997363656754,"human"
-0.658318365337747,0.0945326231210788,0.427378686500919,-0.524507315845825,-0.304214327925005,-0.790530625344172,"dolly"
-0.656568133853745,0.570195659717939,-0.450509813603629,0.139355626836802,0.341286477706423,-0.647691235204971,"cohere"
-0.651317439401741,-0.325408793562053,-0.450509813603629,0.114023028554844,1.25623680553112,0.222723155381358,"GPT"
-0.64956720791774,0.392596312506413,-0.450509813603629,-0.0441035954480185,-0.335537637594447,-1.3540780426616,"human"
-0.646066744949737,0.572313323162944,-0.450509813603629,0.177772094561081,-0.527039038109961,0.370891021429536,"human"
-0.640816050497733,0.085669766532596,-0.450509813603629,-0.548164822114137,0.652919086278551,0.153011676630234,"GPT"
-0.639065819013732,0.817519302164662,0.0113272204649756,0.279036797972419,0.21438213155977,0.107602974209572,"davinci"
-0.630314661593726,0.622258415513331,-0.450509813603629,0.821482175697223,0.191584239109091,-0.226031418176718,"dolly"
-0.628564430109724,-0.386201656715178,-0.450509813603629,-0.196116177565499,-0.643854892424422,1.32219632887435,"bloomz"
-0.62331373565772,-0.162062610763298,0.272686394205532,1.22454789738754,0.866207719395855,-0.307463495082714,"human"
-0.621563504173719,-0.0618874747819443,0.0164322724259404,-0.606509669982512,0.294820827109289,-1.84894882269445,"human"
-0.619813272689718,0.191624752205323,-0.450509813603629,-0.940968740091724,0.632866618731126,-0.430468495321537,"cohere"
-0.616312809721715,0.108825943245951,-0.450509813603629,-0.970253638793789,-0.317157124920856,-0.273816157285656,"dolly"
-0.614562578237714,-1.26726413771463,-0.450509813603629,-0.944651115879765,-0.603125993027425,0.0656155783253988,"davinci"
-0.595310031913699,-1.29137231625948,-0.450509813603629,-1.58170212721106,-0.0964982200403961,0.531243744882998,"davinci"
-0.590059337461695,0.0961329278623364,-0.117987149074234,0.539859015200166,0.0475430095343463,-1.05760438086819,"human"
-0.567306328169678,0.436549560777801,-0.450509813603629,0.394991134286036,0.508119286816551,0.607070808513535,"dolly"
-0.555054707781668,1.30136904398391,-0.450509813603629,1.24843087632029,-0.51820190492305,-0.107101726194389,"davinci"
-0.54455331887766,-0.665766648260652,0.11760770947658,-0.242971741080084,0.571519076538128,0.0628837780584243,"GPT"
-0.542803087393659,0.603517304388976,-0.450509813603629,-0.178577114911763,-0.030859178715197,-0.0553139166611341,"davinci"
-0.541052855909658,0.295521416152995,-0.450509813603629,1.63733593762205,0.859411758046546,-1.68975597169912,"dolly"
-0.537552392941655,0.0299778337246188,-0.450509813603629,0.0604738131095993,0.0873258253216581,-0.396771310341067,"GPT"
-0.535802161457654,-0.198841712248281,-0.450509813603629,0.273165275259566,0.0249823350226401,-0.111439226477837,"davinci"
-0.532301698489651,0.0984861273435674,-0.450509813603629,1.62567275622774,-1.08678167336676,2.16789612902875,"bloomz"
-0.527051004037647,0.0406438673677307,-0.450509813603629,0.0540590633427258,0.389640929774363,-0.493983199440069,"GPT"
-0.523550541069644,2.56426788469774,-0.450509813603629,-0.213222176943841,-1.49689906312818,-0.944467570388141,"cohere"
-0.521800309585643,-1.61184871226236,-0.450509813603629,0.657628700498936,-1.23930466955902,2.04744137665669,"bloomz"
-0.514799383649638,0.449163974528833,2.0743265338045,0.513605348509289,-0.158657090894229,-0.848358642945799,"davinci"
-0.511298920681635,-2.11837313166197,-0.450509813603629,-1.35362213549985,2.11213396677235,-0.327858797441553,"human"
-0.507798457713633,0.744014552061792,0.124829542397091,0.420951458545843,0.479666698258578,0.371021587833172,"human"
-0.502547763261629,1.72319170624663,-0.0790184647221793,1.55336103158294,1.18154032600459,-1.1865043276485,"davinci"
-0.490296142873619,-0.0508603793221501,-0.450509813603629,-1.01543456158324,1.02602998285244,-0.249575980288336,"davinci"
-0.488545911389618,0.612856728537328,-0.450509813603629,-0.877912438502202,0.537283190088475,-0.190347753666166,"dolly"
-0.483295216937614,-1.04405290434564,1.34790194819995,-0.166033213141524,-1.55346697895734,0.999448274992531,"bloomz"
-0.481544985453613,1.88889930257364,-0.189394259726379,-0.610705979926019,-0.648755880318668,-1.26610013560447,"dolly"
-0.479794753969611,-1.11085417520262,-0.450509813603629,-1.01325660940775,0.537283190088475,0.288691545790939,"human"
-0.472793828033606,0.513415808598801,-0.450509813603629,-0.999173499732443,0.409592586573567,-0.134723087968653,"human"
-0.471043596549605,-0.284688193103675,-0.450509813603629,-0.880773372196141,0.6717216710249,-0.151873589464068,"GPT"
-0.467543133581602,0.886873961957115,-0.450509813603629,0.975784992960466,1.0149018682631,-0.842015386862932,"GPT"
-0.462292439129598,0.211075233836215,-0.450509813603629,-1.02186942028356,1.3962927046433,2.07841934088661,"bloomz"
-0.460542207645597,0.599798829959538,-0.450509813603629,3.75536967883108,2.11213396677235,0.473260884830482,"GPT"
-0.457041744677594,-0.16811257421482,-0.450509813603629,-0.462036713356061,0.322530811449766,2.37498018583347,"bloomz"
-0.45179105022559,1.24893486159266,-0.0781695356799463,0.423280125506033,-0.430447117229784,-1.56014611657925,"davinci"
-0.439539429837581,-0.793310404358135,-0.450509813603629,2.52373772359059,1.00973842309363,1.81470729732716,"bloomz"
-0.437789198353579,0.0226031872309691,-0.450509813603629,-0.362264547765022,-0.655549328884946,-1.22162271670476,"dolly"
-0.432538503901575,0.510213802040944,-0.450509813603629,0.514692690219575,0.544463360802835,-0.297110790895822,"davinci"
-0.415036189061562,-0.21544093413243,-0.0261970385530977,-0.0177250411913801,0.42479384889677,0.149565901914323,"davinci"
-0.409785494609558,-0.248997874405504,-0.450509813603629,0.226197990573155,-1.17482522309536,1.41957729186102,"bloomz"
-0.404534800157554,0.266702690316196,-0.450509813603629,1.79155736803361,0.131031875084038,-1.0197185499645,"cohere"
-0.401034337189551,-0.677833921456545,-0.450509813603629,-0.488537669897008,-1.12609470126105,0.120418478214948,"human"
-0.394033411253546,-0.458393181709507,-0.450509813603629,0.881561783269933,0.537283190088475,2.50955239216678,"bloomz"
-0.385282253833539,0.723987047340589,-0.238849504926826,0.571873979495592,-0.186419912491681,-1.59961181298559,"GPT"
-0.378281327897534,2.81787425819062,-0.450509813603629,0.279036797972419,1.74391346143257,-0.935894673980706,"dolly"
-0.376531096413533,-0.502566317632611,-0.450509813603629,0.509748362819972,-1.37928049097019,1.71531250772901,"bloomz"
-0.366029707509525,-0.209937161533597,-0.0110920530335004,-0.784763803231912,0.259368347144265,0.0951686903044752,"davinci"
-0.360779013057521,0.996059199758633,-0.146751227437701,-0.188453309065705,-0.114747787588327,0.120842243182054,"davinci"
-0.352027855637514,2.02511868241172,-0.450509813603629,2.11319373851043,-0.775092457148078,-1.44532409026614,"cohere"
-0.350277624153513,0.206528759027758,0.145016888221678,-0.739560619354307,-1.01737719202252,-0.17353183383108,"cohere"
-0.343276698217508,-0.676554383615454,-0.450509813603629,1.83949774845699,-0.731346602240192,1.85897346873843,"bloomz"
-0.336275772281502,-0.0662597294798401,-0.450509813603629,0.352265405811211,-1.04407523443292,-0.538112280675798,"GPT"
-0.3327753093135,-0.641349886486374,-0.450509813603629,0.385487801298064,0.635711363631224,-0.258555816008829,"human"
-0.327524614861496,0.638235311941155,-0.450509813603629,0.881561783269933,-0.32172632446636,-0.430264431273472,"GPT"
-0.325774383377494,-0.63145505669592,-0.450509813603629,-1.14183357176802,-0.137652857061753,1.6439599599713,"bloomz"
-0.318773457441489,-1.03437396708806,-0.450509813603629,-0.888909152388277,-0.348570371796198,-0.375996784517591,"dolly"
-0.313522762989485,-0.449942668750306,-0.450509813603629,-0.381194445207686,-0.460501327268989,-0.794757726809907,"dolly"
-0.311772531505484,-0.134456851606736,-0.450509813603629,1.34494806345943,-1.1233267873059,0.697588015525482,"bloomz"
-0.308272068537481,-0.923171394465653,-0.193836679357562,-0.570004449692079,-0.137652857061753,0.240606601510596,"human"
-0.30652183705348,-0.557557364394026,-0.450509813603629,-1.18440149648832,-1.31697659536188,0.469190972695646,"human"
-0.299520911117474,1.04086604125684,-0.450509813603629,-1.10799752904163,1.80927804817929,0.195160422564521,"GPT"
-0.292519985181469,-0.100691501237717,-0.450509813603629,-0.568334062772675,0.716696569710693,-0.172123410471302,"GPT"
-0.289019522213466,0.707152649110425,-0.450509813603629,2.68795531762266,0.852253345425239,-0.705897690621538,"cohere"
-0.282018596277461,-0.0328297676529304,-0.450509813603629,-0.20472230147634,1.54968726081382,-0.0226065409759943,"human"
-0.28026836479346,1.2706695672806,-0.450509813603629,-0.250208121545658,-1.18653995736278,-1.78356485693701,"cohere"
-0.278518133309458,0.959354133155857,-0.156613519196335,2.07470523990916,0.600558444508798,-0.971323120412463,"GPT"
-0.276767901825457,0.535586355906214,-0.450509813603629,0.508890859544025,0.0927219929803002,-0.747446823860946,"cohere"
-0.273267438857454,0.909337989835519,-0.450509813603629,0.193623213676142,-0.973722284837935,-1.04176390736152,"dolly"
-0.271517207373453,-0.622216955853136,-0.450509813603629,0.581163745406398,0.249200730938988,-0.173331294531384,"human"
-0.269766975889452,-0.404997083340918,0.295534626045656,1.26052546180547,0.511324111351928,-0.0172590916522419,"GPT"
-0.26801674440545,-1.0342799907811,-0.450509813603629,0.334169803163052,-0.600109037516536,1.86599901473862,"bloomz"
-0.266266512921449,0.863746950784019,-0.450509813603629,0.688904270718343,1.60624614744652,-0.922448318236241,"cohere"
-0.264516281437448,1.65024896707267,-0.450509813603629,-0.291421031244821,-0.0251635158700473,-0.0344606539900785,"cohere"
-0.255765124017441,-0.409802732194092,0.398115736497434,-0.242971741080084,-1.31145467819258,1.75414832795794,"bloomz"
-0.25401489253344,-0.80322862988342,7.21449515505113,-0.771417946131783,0.66161351456352,0.855105855480806,"davinci"
-0.247013966597434,0.936885647951026,-0.450509813603629,2.9030446663277,-0.0276089363307376,-0.237762718714501,"dolly"
-0.245263735113433,0.598983895795758,-0.450509813603629,-0.427047169173092,-0.225535154867772,-0.734194833171911,"dolly"
-0.234762346209425,0.402714877863402,0.310162948391721,0.478401682813516,0.21438213155977,-0.556478621453756,"davinci"
-0.233012114725424,1.38274312356551,-0.450509813603629,0.449855737103156,3.0456795302705,-0.938578363290862,"cohere"
-0.231261883241422,-0.0197891241367298,-0.450509813603629,-0.91233693414557,-0.541147233075475,-0.739491893276607,"cohere"
-0.22776142027342,0.667671203885835,-0.450509813603629,0.013216951517644,0.384330057101193,-0.188420079170354,"dolly"
-0.226011188789418,-0.799289529095144,-0.450509813603629,0.108773105471972,-0.435418760216264,0.497870435953471,"human"
-0.222510725821416,2.02511868241172,-0.450509813603629,3.3196903477256,-0.378701445329689,-0.882671604671516,"cohere"
-0.220760494337414,-1.18303687968506,-0.450509813603629,-0.768360269976767,-0.710711765019492,0.545501825223786,"GPT"
-0.217260031369412,-1.94850030018225,-0.450509813603629,-0.634292930872214,-1.82499297493732,2.71273003702295,"bloomz"
-0.213759568401409,2.42263347097441,-0.450509813603629,-0.374219818151748,0.0277726446907546,-1.26847773531296,"cohere"
-0.212009336917408,-1.06307433123468,-0.0733429024476022,0.365994918285541,-1.49537304493372,1.719417106615,"bloomz"
-0.210259105433407,0.456009370352738,-0.450509813603629,-0.382768365472522,-0.15258507049428,-0.0818537097707119,"GPT"
-0.206758642465404,0.829320659442823,-0.450509813603629,0.571971237143906,-1.30864845799179,0.256538063650561,"human"
-0.203258179497401,-0.506066830290669,-0.450509813603629,-1.24656418020684,-0.860798621865568,-1.54523597910012,"dolly"
-0.2015079480134,0.426151327836425,-0.450509813603629,-0.927738257171855,2.1469757981149,-1.40961468925035,"cohere"
-0.196257253561396,-0.568326325409544,-0.450509813603629,0.362979907379195,0.039961892188307,-0.0866064032176415,"cohere"
-0.194507022077395,-0.151176146063656,-0.450509813603629,-0.583081622962006,0.0903660777862981,-0.187301958621977,"davinci"
-0.192756790593393,-0.279498741429756,-0.0349170649752129,0.255395957286317,-0.435418760216264,-1.01186741931636,"human"
-0.184005633173387,-0.639851291933053,0.11289304123525,-0.350070171970561,-1.15005692778709,0.27817852156574,"davinci"
-0.178754938721383,-0.214370659914028,1.34394068881271,0.131872767036592,0.434575530739528,-0.0737062352902656,"GPT"
-0.177004707237381,-1.49000580219064,0.0717212941508702,-0.386835304962815,-0.943546644703814,1.01111726135251,"bloomz"
-0.173504244269379,0.357032752687116,-0.450509813603629,-0.229910956825142,0.479666698258578,-0.46251129654327,"cohere"
-0.171754012785377,1.52873863429405,-0.450509813603629,2.02610865076615,1.03837207357879,0.480808445767094,"GPT"
-0.168253549817375,-0.185520706598305,0.218357615047454,-0.423757553908027,0.395950428078384,-0.0546536795821404,"cohere"
-0.166503318333373,0.945330915402496,-0.450509813603629,-1.1169353516486,2.63213186473399,0.505736169961412,"cohere"
-0.164753086849372,0.259303210426312,-0.450509813603629,-0.350070171970561,1.08242384355596,0.185573464960321,"GPT"
-0.159502392397368,-2.021738079162,-0.450509813603629,2.37711487177624,-1.82499297493732,-2.97624401894986,"bloomz"
-0.150751234977361,0.537118466899004,0.377417552348627,-0.701965016324989,0.612276084216274,-0.0765729392741217,"dolly"
-0.143750309041356,1.96601450990175,-0.450509813603629,3.12340871303352,0.829249907114141,-0.12747956686122,"GPT"
-0.133248920137348,-0.623807477932199,-0.269951185922552,-0.764505569231581,-0.705430811417987,-0.366552266615916,"dolly"
-0.131498688653347,0.213262145769398,-0.450509813603629,0.239725412229112,2.33394393531936,0.0189374259375438,"human"
-0.127998225685344,0.902139404722124,0.730186603928284,-0.380109975756915,-0.960745597488859,-0.443611050510138,"davinci"
-0.124497762717341,-0.639851291933053,-0.450509813603629,-0.384282170727242,0.471664407726647,-0.17391002931536,"cohere"
-0.12274753123334,-1.60169787618987,-0.450509813603629,0.256554522401628,-0.767257378657112,1.90595165160866,"bloomz"
-0.119247068265337,-0.344294150458733,-0.450509813603629,-0.304454173628317,0.274808060641165,-0.323180557191586,"GPT"
-0.113996373813333,-0.915715059501655,0.0486816864558191,-0.980906051483984,-1.05677308387202,0.987282960705924,"dolly"
-0.108745679361329,-1.36053844511399,-0.450509813603629,-1.103398455273,1.38586783189385,-0.0498905406551071,"human"
-0.106995447877328,0.556607319279173,2.56682547564459,-0.124933147894343,-0.554952025998722,-1.346332746402,"cohere"
-0.103494984909325,0.111451019420179,-0.120144635948714,-0.115473609067611,-0.250142198253456,-0.435287584495544,"davinci"
-0.0999945219413228,-0.000182725139268062,0.956537730605382,-0.279014482245145,-0.916425219158167,-0.207812793850792,"GPT"
-0.0824922071013095,-0.0332267484496225,0.610272124022699,0.0883073036235122,-0.824028498231474,-0.483476275336322,"dolly"
-0.0807419756173082,1.23710335457307,-0.450509813603629,-0.513449921135117,1.42916296667984,-0.381654629021845,"davinci"
-0.0789917441333068,-1.89752015642836,1.03342557455124,-0.738118596224416,-0.368795338962514,-0.623911638034413,"dolly"
-0.0754912811653042,-0.269833228366101,-0.112748400628083,0.411690632715756,-0.596063178103092,0.173514893347809,"human"
-0.0702405867133002,1.81628060879236,-0.450509813603629,1.93724631633322,-0.267448250744489,-0.323771028959397,"dolly"
-0.0597391978092922,-0.8190015491824,0.403453004108131,-0.380109975756915,-0.960745597488859,0.00733106121996252,"human"
-0.0544885033572882,-0.442356729724222,0.445728391123566,1.3935885511789,-1.55956868673217,1.86183842366556,"bloomz"
-0.0509880403892856,-0.1119221503822,0.730186603928284,-0.817899364271214,-1.09250424159599,0.467753727939508,"davinci"
-0.0492378089052842,-0.458393181709507,1.97413461525654,-0.604216448448758,-1.4500285042983,0.68468161864208,"davinci"
-0.0439871144532802,1.12889483579406,-0.450509813603629,2.3234723650149,-0.67266313833937,0.149825305227254,"davinci"
-0.0247345681292656,-0.952822317129522,-0.0534920123867582,0.413194701699598,-0.161418210834648,0.000370802623997315,"davinci"
-0.0229843366452643,-0.953465686206194,0.189962299680192,-0.408719312696299,-0.0251635158700473,0.157341548483634,"davinci"
-0.021234105161263,-1.2590659976239,-0.450509813603629,-0.140430690227495,-1.07107504992909,2.18114575865712,"bloomz"
-0.0194838736772616,0.0716844493677502,-0.450509813603629,-0.873867670176288,-1.01041498699739,-0.220956932607628,"cohere"
-0.015983410709259,0.768862743194128,-0.450509813603629,0.426393451985408,3.0536208441377,-0.42665482978327,"cohere"
-0.010732716257255,1.60395259410315,-0.450509813603629,5.22289431058173,-0.128330535968517,-0.977215840047135,"davinci"
-0.00898248477325366,0.266235476391868,0.185675337743888,1.23083054669634,0.184704657995072,-0.400094808010601,"human"
-0.005482021805251,0.155380917432585,-0.450509813603629,-0.707170561359817,-0.287416772849524,-0.623660762720501,"dolly"
-0.00373179032124967,1.65534963414094,-0.450509813603629,3.5643923932924,-1.69338984596652,-2.68327888792371,"cohere"
0.00151890413075432,1.2758294916031,-0.450509813603629,1.2542925065664,0.972439325751122,-0.726177538724487,"cohere"
0.00501936709875698,-0.659050098736726,-0.450509813603629,-1.129727097765,-0.958102639148037,0.394506417024664,"human"
0.010270061550761,-0.767605133171239,0.320967959215519,-0.356874768408354,0.132694454642069,-0.282926706248935,"dolly"
0.0120202930347623,0.433203003049546,-0.306827180782286,0.139140924023174,-0.269002686596976,-0.726517262207338,"human"
0.0137705245187636,-2.76748803291063,-0.283086770427095,-0.462036713356061,-1.14168995199597,0.463600759080214,"human"
0.0312728393587769,0.365968927310646,-0.450509813603629,-0.40068518382976,-0.206995601631981,-0.395819519295044,"dolly"
0.0347733023267796,0.656629765065288,-0.450509813603629,0.303448824687661,0.826541496010009,-0.629044932919119,"cohere"
0.0382737652947822,0.692614629506716,-0.450509813603629,-0.470455250302339,0.483998765313456,-0.017514756489167,"GPT"
0.0470249227147889,0.00754263556159896,-0.450509813603629,0.093987607810019,-0.539400504174982,-0.616311236771645,"GPT"
0.0522756171667929,2.63830385994653,-0.450509813603629,-0.201424935993265,-0.195836999057462,-2.07887608750177,"dolly"
0.0540258486507942,1.65889408614852,-0.450509813603629,-0.902849868417082,-0.894962988706691,-1.18331762617326,"cohere"
0.0557760801347955,-1.59529713562231,4.79196462717514,-0.861917218304273,0.16913625527926,-0.312543630059969,"human"
0.0610267745867995,-0.443888569913861,-0.450509813603629,-0.213222176943841,0.799758319535783,1.30564903383991,"bloomz"
0.0645272375548022,1.72884633642241,-0.450509813603629,2.50027806730029,0.267308771228385,-0.272093283804474,"dolly"
0.0662774690388035,-0.282542031082287,0.196062034092418,-0.307600104548475,0.211451994912502,0.0245335050797576,"GPT"
0.0785290894268128,2.0141841227458,2.12759312341226,1.26052546180547,0.395950428078384,-2.32555291195067,"dolly"
0.0802793209108141,-1.02528175938936,-0.450509813603629,-0.806549148388367,1.47888977335051,-0.367015316586391,"GPT"
0.0837797838788168,-2.12435145080946,-0.450509813603629,-0.634292930872214,-0.527039038109961,1.96856131369432,"bloomz"
0.0907807098148221,-0.91555403067144,-0.450509813603629,-0.842722954066759,-1.47065155018345,0.736365673422004,"bloomz"
0.0942811727828248,-1.7610307644632,-0.450509813603629,-0.68050801362045,-0.960745597488859,1.33223535416457,"bloomz"
0.0977816357508274,-0.115189263199141,0.390754672246246,0.633221824992553,0.427858953561396,-0.550137591345459,"human"
0.104782561686833,1.40743363719784,-0.288287486224693,0.97237335600656,-0.137652857061753,-1.17890331445295,"GPT"
0.108283024654835,-1.46018085552347,0.422112860022141,-0.2531195515872,0.0345247059867764,-0.0992698708160731,"human"
0.111783487622838,0.295351352236935,-0.450509813603629,-0.701965016324989,-0.137652857061753,0.513155135495437,"human"
0.115283950590841,-0.76818382054141,-0.450509813603629,1.33532092467433,-1.41055856002051,-0.237614251308686,"human"
0.117034182074842,-0.274537426786311,-0.450509813603629,-0.769637101777763,0.251733323986456,1.04215829042776,"human"
0.120534645042845,-1.55125796319809,0.958972068917162,-1.07455955740615,-0.435418760216264,-0.0544229392880955,"davinci"
0.122284876526846,0.314070374689401,-0.450509813603629,-0.0127442224460965,0.281495325085682,-0.0171439605317689,"cohere"
0.129285802462851,-0.599596197395328,-0.450509813603629,-0.362264547765022,-1.24027115191113,0.784264255337254,"bloomz"
0.131036033946853,-0.952092936144205,-0.450509813603629,1.24499416350483,-1.05047619951903,1.87380298729424,"bloomz"
0.136286728398857,-0.673395170715769,0.751083885654513,-0.404406875878231,0.0856715703041327,0.117887290160272,"GPT"
0.145037885818863,0.407232403481975,-0.127991789812252,-1.07323021908425,1.31748449229883,-0.491225131862838,"dolly"
0.152038811754869,-0.704369731123647,2.92990731542965,-0.00940601413808537,-0.819769074926343,-0.0892512075207389,"GPT"
0.15378904323887,-0.440057163024443,1.47090652624783,0.102580888502444,-1.21928113775122,0.23589779496676,"GPT"
0.164290432142878,-2.39087750777267,-0.450509813603629,0.494886634531642,0.78449813759118,-1.579022382402,"human"
0.169541126594882,1.02489422455054,-0.450509813603629,1.01120725224262,0.66161351456352,0.0235515752616832,"cohere"
0.174791821046886,0.902139404722124,0.127277794975818,0.207848576984531,-1.01737719202252,-0.385945193464366,"dolly"
0.18004251549889,-0.558925146224163,0.427378686500919,-0.83699443334471,-0.506513254922922,-0.00334168295912231,"human"
0.190543904402898,-0.397074450007454,-0.450509813603629,1.6289623714928,-1.11832916488687,-1.15475456193357,"human"
0.192294135886899,-0.058236538641381,0.690499329389396,-0.531473328168773,-0.360015508254656,0.323222008628995,"GPT"
0.204545756274909,-0.580434310724972,-0.450509813603629,-0.327262172799439,-0.731346602240192,0.130285205206188,"GPT"
0.20629598775891,-0.297700356540415,0.0840574620505826,0.0165988834063772,-0.562708001259414,-0.0773629758051122,"GPT"
0.208046219242911,-1.84179186203074,0.348196586491489,-0.722424018903734,0.921839775092677,-0.202479593007785,"GPT"
0.211546682210914,0.552288168211133,-0.450509813603629,1.06573104760496,-0.0588051880021465,0.924766762288638,"human"
0.213296913694915,-1.15784806008428,-0.450509813603629,-0.32493482594524,0.103395731206186,1.03348698549645,"human"
0.22029783963092,1.17464666798384,0.482686667607161,0.411946721199812,1.48899157312046,-0.527129705278168,"human"
0.222048071114922,0.191330543239479,4.98069370704317,-0.246197597432207,0.167288128096484,-0.479713915687196,"cohere"
0.225548534082924,-2.28169195400224,1.2736817802525,-0.0888149087377319,-1.10915171280829,0.932268706098711,"bloomz"
0.230799228534928,-0.572256360410477,2.13930112948408,-0.740587621193156,-0.557430154679575,-0.706412019194259,"davinci"
0.23254946001893,-0.0595582781725721,-0.450509813603629,-0.778463895532473,1.25623680553112,-0.278842647975897,"dolly"
0.237800154470934,-1.8113037368446,-0.450509813603629,-0.510717818306278,-1.14027524594434,0.618227604143222,"human"
0.241300617438936,0.246435316755861,-0.450509813603629,-0.928563969128976,0.0839170574067567,-1.49848594734686,"dolly"
0.250051774858943,-0.20545659519091,-0.450509813603629,-0.650215774508161,1.15266605660779,0.259821742759351,"GPT"
0.251802006342944,1.14529161299679,-0.450509813603629,0.617640650004118,-0.137652857061753,0.0958694161368179,"GPT"
0.255302469310947,0.622607829981759,1.83791863610711,-0.555342164510644,-0.594640805653052,-0.51974593989784,"cohere"
0.25880293227895,2.26507151952489,-0.450509813603629,1.19224371792519,0.728819095360834,-1.31085348734189,"cohere"
0.260553163762951,0.421324183582052,-0.111906102840113,1.16981607066664,-0.0658511499181102,-1.2509475840748,"cohere"
0.262303395246952,-0.268038843401696,-0.450509813603629,-1.34931873942983,-0.710711765019492,-0.764361379709777,"davinci"
0.264053626730954,-0.0851889687013722,0.0657642853171692,0.0102031210589697,0.585492907742072,-0.24032519813851,"GPT"
0.265803858214955,1.2645583965965,-0.450509813603629,1.57340442479392,-0.658436844060384,-1.09594912809156,"human"
0.267554089698956,-0.0146191341120745,-0.450509813603629,0.0789252281693823,-0.497871533911592,0.255698052715757,"dolly"
0.269304321182958,-0.360560061879809,-0.450509813603629,0.780331759551533,-0.854194550954116,1.57054219566933,"bloomz"
0.28505640453897,0.100522869711337,-0.450509813603629,-0.477881035250235,0.737853807873688,-0.71360762430478,"dolly"
0.286806636022971,0.466266046265784,-0.450509813603629,-0.853317637552698,1.09610120762147,-0.977415296581036,"dolly"
0.292057330474975,-0.377856525054126,-0.450509813603629,0.102580888502444,-0.00785746337901657,0.148176653060607,"dolly"
0.295557793442978,0.968587882691926,0.013695615511481,-0.109098702466991,1.85536481839996,-1.77893465064371,"cohere"
0.297308024926979,-0.284688193103675,0.861375094765164,-0.724914680087234,-0.181670425354159,0.406713811660291,"human"
0.302558719378983,-1.11922329511916,-0.450509813603629,0.0789252281693823,-1.29414439852703,1.33223535416457,"bloomz"
0.304308950862984,0.931079909340439,-0.220763471782699,0.855449444996285,-0.0720671987697694,-0.543521336112902,"human"
0.31130987679899,-1.35865795187242,1.21550353628802,-0.0421621831604378,-1.33285210722361,2.03877492237809,"bloomz"
0.313060108282991,-0.995445518458835,-0.450509813603629,0.101273215353592,0.522610667324339,0.360146780793592,"davinci"
0.314810339766992,-1.29460091755619,-0.450509813603629,-0.881911243551684,-0.214350135147004,0.943040727979844,"human"
0.316560571250994,1.01898117927942,-0.450509813603629,-0.613002836572465,1.09467419531929,0.881795858089171,"dolly"
0.323561497186999,-0.965221793879872,0.199155679296706,0.0204207413944638,-0.0964982200403961,-0.211472621959654,"dolly"
0.325311728671,-0.165125379900493,-0.450509813603629,0.423280125506033,0.0977899500836758,0.545501825223786,"human"
0.327061960155002,-0.361780592029736,0.343525788830113,-1.58170212721106,0.826541496010009,-0.270395854512373,"dolly"
0.330562423123004,0.0695975295603633,-0.450509813603629,-0.90218104845768,0.292909793706496,-0.33333481184438,"GPT"
0.334062886091007,-0.228938281220045,0.256678144813923,-0.836763444605918,0.842093017833748,-0.583898792192683,"human"
0.33756334905901,0.806158269876856,-0.450509813603629,0.0202072388799873,0.240109855895464,-0.84249826547905,"GPT"
0.339313580543011,-0.22280312345295,0.0638087016091352,0.881561783269933,1.42313675197315,-0.217953567569105,"GPT"
0.342814043511014,1.44528744314101,1.40949139209733,0.848047988569513,-0.378701445329689,-1.81404015281012,"cohere"
0.355065663899023,-0.0335904494190513,-0.043982603974378,2.23731168748815,0.738717591757347,0.414551480099967,"davinci"
0.356815895383024,-1.07275518707683,-0.450509813603629,-0.338770796234404,-1.39154780704268,1.88592621055621,"bloomz"
0.362066589835028,0.143967762696467,0.671639674133313,-0.714355679858595,-0.494133163655181,1.03125987269601,"davinci"
0.372567978739036,0.146438987083777,0.0242457389004611,0.564323249344348,1.03837207357879,0.0302167958449591,"GPT"
0.379568904675041,0.17944201474637,-0.450509813603629,0.0748788652176772,-0.443544925214632,0.452885234975954,"davinci"
0.384819599127045,-1.00503573875793,-0.450509813603629,-1.37979524930278,-1.43773458722817,1.15030969828401,"davinci"
0.398821450999056,0.286049176904026,-0.450509813603629,-0.0936121041698433,0.209357964095178,-0.946668844980296,"human"
0.402321913967059,0.42086257142658,-0.127223889755605,0.339191747934675,0.450594156509547,0.173976988915359,"human"
0.411073071387065,0.744548757645103,-0.450509813603629,-0.63929245169722,1.47845390491407,-2.20578104830511,"dolly"
0.412823302871067,1.58812222141034,-0.0511566135560708,-0.960711225409125,1.74819786291683,-0.460711273111541,"cohere"
0.414573534355068,-1.20154123312174,-0.450509813603629,-0.438950828534308,-1.09439209915615,1.58898207534931,"bloomz"
0.418073997323071,1.21502905813015,-0.450509813603629,0.408434873634871,-0.0244776052530262,-0.653675454257051,"davinci"
0.421574460291073,0.562180417431477,0.0361571685331806,-0.548164822114137,-0.503439875622191,-0.257464023032742,"GPT"
0.423324691775075,0.888887463945196,-0.450509813603629,-1.06852214586085,-0.0835714430272789,-2.15661675374283,"dolly"
0.425074923259076,1.35894453462976,-0.450509813603629,-0.787100865765575,-0.300943836210999,-0.0948156009896061,"dolly"
0.426825154743077,-0.115677933919618,-0.450509813603629,-0.147610124533762,-0.732844747956215,-1.58472492930076,"GPT"
0.428575386227079,0.318331475971854,-0.450509813603629,-0.973488815981182,0.945577835895403,0.189688238211983,"dolly"
0.435576312163084,-0.706218397003033,-0.450509813603629,0.334169803163052,1.49969199806195,-0.417020733025127,"GPT"
0.437326543647085,-0.480912819631091,-0.208477571150563,0.122788525130698,-0.45402912916342,-0.760292151309887,"human"
0.447827932551093,0.499918461511186,0.256678144813923,1.44035776296237,0.581029044996363,-0.282810527976945,"cohere"
0.449578164035095,0.487500902190582,1.3598913599453,0.370885118901927,-0.960745597488859,1.43875129089776,"bloomz"
0.451328395519096,-0.649601035786392,-0.450509813603629,-0.789424261266877,0.109034294674443,-0.479713915687196,"human"
0.453078627003097,-0.410599296940242,-0.450509813603629,-0.137719834860129,-0.521668194233434,-0.119954140224924,"GPT"
0.454828858487099,-0.360320714797656,-0.450509813603629,-0.877912438502202,-0.0251635158700473,0.226791794076846,"dolly"
0.458329321455101,0.284369918627149,0.463834213441287,-0.489125392723521,0.0800684484705799,-0.176907578709267,"davinci"
0.463580015907105,-1.72174486911031,0.398115736497434,-1.08904934511486,-1.35253774193216,0.745114949994762,"dolly"
0.465330247391107,0.734477233277498,-0.450509813603629,0.679768977044095,0.243666943588095,-0.725938725698392,"GPT"
0.467080478875108,-0.186286664423181,2.26509194671977,-0.965886149590808,0.537283190088475,0.604075560677818,"human"
0.468830710359109,1.34418691363373,-0.450509813603629,-0.315130258346719,1.02314140842712,-0.122690240077378,"davinci"
0.470580941843111,-1.01617704005214,-0.450509813603629,0.376276878555884,-0.250142198253456,-0.0572184466966936,"GPT"
0.475831636295115,-0.032161168416388,0.145016888221678,-0.752719080414569,-1.59785103599253,0.464483948147177,"human"
0.477581867779116,-0.0272899454073248,0.0599416451037769,-0.592800557309929,-1.13527730631665,-0.190694017715625,"human"
0.479332099263117,0.483328842954578,-0.450509813603629,-1.10432540037365,1.47120632509867,-0.26637004359262,"davinci"
0.481082330747119,0.173008139677248,-0.3737978994702,-0.46445499718728,-1.03416618103019,-2.36184387617587,"human"
0.48283256223112,-0.713560905421741,-0.197660487688974,-0.267038804201538,0.56382561890899,-0.145016184677676,"human"
0.484582793715121,-1.04147857589449,-0.450509813603629,-0.0421621831604378,-0.348570371796198,1.40303816802202,"bloomz"
0.488083256683124,-0.541193050838917,0.158369504854532,-0.00521322450322293,0.631774236689507,-0.15738300022459,"GPT"
0.491583719651127,-0.412737725788986,-0.450509813603629,-0.581001163578154,0.0943564091461386,-0.111233996533536,"dolly"
0.493333951135128,-0.592620942801817,-0.450509813603629,1.75396775156528,-1.57892254108046,2.17687690773195,"bloomz"
0.500334877071133,0.0770934047869063,0.473164254533582,-1.23476354827007,0.171296741985886,-1.3425580067504,"dolly"
0.502085108555134,1.29449593165034,-0.450509813603629,-0.68596979612706,-1.3954882176599,-0.346886261987638,"dolly"
0.50908603449114,-0.694779152325039,0.161112204487226,-1.02815967541757,0.298401330703844,0.0416090355729601,"human"
0.510836265975141,0.226098367985913,-0.450509813603629,0.146904125758054,-1.20334135256211,0.0355657753886863,"human"
0.512586497459142,-0.162173329048685,3.90607055055156,-0.983822537288486,-1.59564577444938,0.174639243525532,"davinci"
0.519587423395148,1.32453197373802,-0.450509813603629,0.825999439424493,-0.404074980936842,-0.666098198695435,"davinci"
0.526588349331153,0.103841138353918,-0.450509813603629,-0.531473328168773,0.555595408422017,-0.226728916911552,"davinci"
0.530088812299156,0.489420524887488,-0.450509813603629,-0.548164822114137,1.6440839107649,-0.908208175306117,"cohere"
0.542340432687165,-0.892941917213219,0.653393340999378,1.11530215433747,-1.48013514062698,1.61163828425402,"bloomz"
0.545840895655168,-1.29615955266494,-0.450509813603629,-0.682700700028213,-1.65256405778215,0.229253931656522,"human"
0.54934135862317,-1.02660936729961,-0.450509813603629,-0.600756322152255,-0.36163605854966,0.558101989245874,"GPT"
0.551091590107172,0.0713655097582008,0.529851832722508,-0.111096807520912,1.52450307994999,0.553325753786236,"human"
0.556342284559176,-0.858206490034544,-0.450509813603629,-1.20848032259272,-0.751231081743778,0.132373947349569,"dolly"
0.559842747527178,0.780186903977551,0.310162948391721,0.394991134286036,0.508119286816551,-0.674702294024487,"cohere"
0.565093441979182,1.2641253989957,-0.450509813603629,-0.634292930872214,-0.786629825475431,0.0398152424706469,"cohere"
0.566843673463184,-0.577738145431577,0.145016888221678,-0.780640692908295,0.0955567527259284,0.135485677045567,"human"
0.570344136431186,-1.14128598570994,0.466923213532654,-0.897462152077447,-0.512617327700766,-0.36820762992499,"dolly"
0.573844599399189,-0.361352920738054,-0.450509813603629,-0.748392279281087,0.25278714315032,-0.552246377709269,"human"
0.57559483088319,0.450718454385363,3.92949302562766,-0.174122749793351,-0.700099563020275,-0.732863202934246,"cohere"
0.577345062367192,0.77774785396266,-0.450509813603629,-1.04620997275867,0.639990849437434,-0.235402267286847,"GPT"
0.579095293851193,0.850930308226839,-0.450509813603629,-0.169640012922596,1.33473947509717,-1.30933313082055,"cohere"
0.584345988303197,-0.512989192400982,-0.450509813603629,1.21746140742643,0.322530811449766,0.0975272786507755,"cohere"
0.5878464512712,1.20251672899924,-0.450509813603629,1.63466157755712,2.08705672510539,-0.470853474102719,"dolly"
0.589596682755201,1.5541918885419,-0.450509813603629,-0.933474782347638,-0.892515541374506,-1.87421899377528,"cohere"
0.591346914239202,-0.375525748427405,-0.450509813603629,1.21275693089763,-1.4279717707313,-0.856822311822732,"cohere"
0.594847377207205,-0.603130690904364,-0.450509813603629,-0.32493482594524,0.585492907742072,1.17469711252032,"davinci"
0.596597608691206,0.793576958957952,-0.450509813603629,-0.0282924539347581,-0.441678103525817,-0.310249501397845,"GPT"
0.600098071659209,1.32987986737084,-0.450509813603629,0.962991995186661,0.127301376323669,-0.0122407292833502,"human"
0.60184830314321,0.161713507344367,-0.450509813603629,0.320818779257999,0.863776643791224,0.441806695472626,"davinci"
0.610599460563217,0.40691619322255,-0.450509813603629,2.77805700638362,0.0564659175610999,-0.593968677887115,"cohere"
0.624601312435228,-0.146183053601409,-0.143315044336277,-0.493283190021782,1.14158639509507,0.270920875312575,"davinci"
0.626351543919229,-0.249867365975337,1.19864105298952,-0.911426233202623,-1.02149768071086,-0.141062837292747,"dolly"
0.629852006887232,-0.482095840009711,-0.036546130627502,-0.0324795420028816,0.403569444898335,0.234953880240366,"davinci"
0.633352469855234,0.637476530765821,-0.450509813603629,3.8922176738578,0.799758319535783,2.00602518534931,"bloomz"
0.635102701339236,-0.0307972259738514,-0.450509813603629,-0.626948673536254,0.00622885841600858,-0.23854660634861,"GPT"
0.636852932823237,0.271776816414033,-0.450509813603629,0.346610529983663,-0.751231081743778,-0.11177230458416,"dolly"
0.657855710631253,-0.981181516429816,0.893847493487163,0.223275738227599,-0.399481496042443,-0.289709047097489,"GPT"
0.664856636567258,-0.80546782110533,-0.450509813603629,0.74841238270339,0.0903660777862981,1.89269774066651,"bloomz"
0.666606868051259,-0.338073973385625,0.196062034092418,1.10875602744051,0.468479029942093,-0.530353707125206,"davinci"
0.668357099535261,-0.28425399847507,1.11920218658331,0.158647374759209,-1.31145467819258,1.2470323446501,"bloomz"
0.670107331019262,1.7548234220249,-0.450509813603629,-0.569401890027088,1.73460124633442,-0.67399958012944,"davinci"
0.671857562503263,-0.113301825967372,1.76630794992568,0.410643682736803,0.0856715703041327,0.117407363633828,"GPT"
0.673607793987265,-0.0897759784891171,-0.450509813603629,-1.26040683453962,0.0237448933437372,-0.242581160885006,"cohere"
0.675358025471266,-0.888345038027725,-0.450509813603629,1.00472497879398,-1.35253774193216,2.20047609605224,"bloomz"
0.678858488439269,-0.559925464279029,3.60262714210294,-0.915955124378355,0.0903660777862981,0.939543318278175,"davinci"
0.68060871992327,-0.416487660566852,-0.171700597964677,-0.571379038927837,-0.717676022581478,-0.619046114311451,"dolly"
0.682358951407271,0.202436931700142,0.907291066558071,-0.927738257171855,0.26551690561648,-0.280619819867974,"human"
0.685859414375274,1.32620150958393,-0.450509813603629,0.484261152547193,1.37551021638795,-0.0872655358854586,"dolly"
0.687609645859275,-2.83899909756543,-0.450509813603629,0.521084137833688,-0.960745597488859,1.99032063308989,"bloomz"
0.689359877343277,-0.177080052936048,3.56929542371719,-0.536681074279726,-0.250142198253456,-0.111233996533536,"dolly"
0.691110108827278,1.75633031122488,-0.450509813603629,0.806155745193982,0.826541496010009,-0.454757349452752,"cohere"
0.694610571795281,0.280181650924806,-0.450509813603629,-0.573348479645738,0.109034294674443,-0.362391074313703,"cohere"
0.699861266247285,0.0383091911147398,-0.450509813603629,0.329450906782809,-0.603125993027425,-0.129536470254643,"dolly"
0.701611497731286,0.0238021188251513,1.62246862939134,-1.09870920358733,0.0277726446907546,1.03651446695953,"davinci"
0.70686219218329,-0.456413937330061,0.655641616263336,-0.81829389049174,-0.848845799306825,-0.538112280675798,"dolly"
0.708612423667291,0.871947280751381,-0.450509813603629,-0.231968477632437,0.278403610359622,-0.0737062352902656,"GPT"
0.713863118119295,1.80310624433506,-0.450509813603629,-1.06852214586085,-0.102499937939344,-0.734674839420374,"cohere"
0.717363581087298,-1.26382242270433,-0.450509813603629,0.189271926075934,-1.67059583996831,1.74385154233626,"bloomz"
0.726114738507305,0.171030124596136,-0.270668637423273,1.27568400894689,0.25381005028538,-0.343321462704501,"dolly"
0.727864969991306,-1.01371260474282,-0.450509813603629,0.0413787440361061,-0.909382058260655,0.833802825875969,"bloomz"
0.731365432959309,0.815096970984583,-0.450509813603629,0.991857182246693,-0.414678846563712,-0.0902921654826038,"human"
0.740116590379315,-0.753662579944772,-0.450509813603629,-0.213222176943841,-0.00785746337901657,0.212082100331603,"davinci"
0.741866821863317,-0.262051467198996,0.471596047287168,0.152364524571592,-0.0340976873726388,0.120842243182054,"human"
0.743617053347318,-0.427044504602788,6.1194944452433,-0.367417100917611,-0.826848116475715,0.778344525665015,"davinci"
0.747117516315321,-0.652754979771169,0.372399810736795,-0.799713584201218,-0.950075876779618,1.27010700242107,"bloomz"
0.748867747799322,1.70639512083934,-0.450509813603629,-0.678505360034693,-0.722597431258615,-1.46532847438369,"cohere"
0.755868673735327,-0.958341159382568,-0.450509813603629,1.45738971039536,-0.904625637914282,1.45063831368108,"bloomz"
0.757618905219329,-0.634390085466133,0.618624737704796,-1.40406290289752,0.78713932292774,-0.110710701058032,"human"
0.75936913670333,0.199929037531606,-0.450509813603629,-1.58170212721106,4.08069743762717,1.66407122486206,"bloomz"
0.761119368187331,0.822059007237493,-0.450509813603629,-1.1470084959497,2.06581482628163,-0.695642084617147,"dolly"
0.764619831155334,0.700579021547067,0.0523794012710743,-0.583081622962006,0.0903660777862981,-0.104666638315963,"human"
0.766370062639335,0.0455077762281352,-0.450509813603629,0.242937806478564,-0.512617327700766,-0.129866966360138,"GPT"
0.768120294123336,-0.763241409171905,0.0201317393120372,-0.0373360391351954,-0.269889543415636,-0.735989639144419,"GPT"
0.769870525607338,1.86469307131321,-0.450509813603629,0.429125554814241,1.06759008427795,0.545501825223786,"dolly"
0.771620757091339,-1.34084042578257,-0.450509813603629,-1.38672081503578,-0.0797757553931975,0.162010919294245,"human"
0.77337098857534,2.14396780576039,-0.450509813603629,-0.811932155185746,-0.840711239509904,-0.952649220516577,"bloomz"
0.775121220059342,0.0514796966136891,-0.450509813603629,-1.05536368480059,1.60737410245058,-0.210045624761247,"cohere"
0.778621683027344,-0.420809408603664,-0.262968255570246,0.83551946718618,-0.353169819158007,-0.420064933943718,"human"
0.783872377479348,-0.00357348590865283,0.463834213441287,1.93724631633322,-0.137652857061753,0.398571099000109,"human"
0.78562260896335,0.293005522137119,-0.450509813603629,-0.191149919681461,-0.300943836210999,-0.154679597049792,"cohere"
0.794373766383356,-0.533147719425534,-0.450509813603629,-0.692895561573586,-1.33792572441654,1.23330479064507,"bloomz"
0.797874229351359,-3.11522720242364,-0.450509813603629,-0.389800235042835,-1.82499297493732,0.402921021815944,"human"
0.801374692319362,1.11660759568672,-0.450509813603629,5.69612306284641,-0.106973945827651,-0.364403149195714,"cohere"
0.806625386771366,-0.202653973733639,-0.450509813603629,-1.58170212721106,0.537283190088475,2.19943914475472,"bloomz"
0.815376544191372,-2.40201116232612,-0.450509813603629,-0.462036713356061,-0.751231081743778,2.08856831202479,"bloomz"
0.817126775675374,1.69016410978845,0.0113272204649756,0.544568023529866,-0.0552095288267893,-0.630993489752903,"human"
0.820627238643376,-0.642913876071845,-0.450509813603629,0.719148778183277,-0.786629825475431,2.00421312162707,"bloomz"
0.822377470127378,0.428910679006776,0.287425447353817,-0.701965016324989,-0.619750033597628,-0.971557923035632,"cohere"
0.824127701611379,-0.48331136094818,0.129746972790259,-0.0351323204022128,-0.206995601631981,-0.429400185909172,"human"
0.827628164579382,0.56225043122736,-0.450509813603629,-0.524240347459116,1.87352021272934,-0.571115755982386,"davinci"
0.829378396063383,-0.395139342103643,-0.450509813603629,0.136854089403585,-1.27562642493132,1.66155946722814,"bloomz"
0.836379321999388,-0.418727508635703,-0.104132038052176,0.440380187362891,-0.179626491834777,0.209497451301432,"human"
0.83812955348339,1.00536890742707,-0.450509813603629,-0.103743780922463,0.25381005028538,0.0688914715916002,"GPT"
0.841630016451392,0.492832864779867,-0.450509813603629,1.27493472714903,1.13907977965779,-0.770668732626846,"dolly"
0.843380247935394,0.164561299257355,-0.450509813603629,0.617640650004118,-0.981322915999536,-0.745612854145928,"cohere"
0.845130479419395,-0.671717106411332,-0.450509813603629,1.49737776089018,-1.54376962195806,2.24221338577707,"bloomz"
0.850381173871399,0.199178171014076,-0.043982603974378,-0.182120359892308,0.859411758046546,-0.0341823165340437,"davinci"
0.855631868323403,0.319641206301673,-0.0402980673312129,-0.574707446825745,1.14642358484356,-0.0509830037117627,"GPT"
0.857382099807404,0.800541192098981,-0.0647709271940552,-0.68219564304665,1.09467419531929,-0.464229500728101,"GPT"
0.86438302574341,-0.236083935560549,-0.450509813603629,-0.95331847657815,0.103395731206186,0.775141900646209,"dolly"
0.866133257227411,1.07003879835285,-0.450509813603629,3.34482569375092,0.66161351456352,0.565662087659125,"human"
0.867883488711412,1.27356616635752,0.185462495605598,0.821482175697223,-0.787896121999167,-0.408078587967848,"human"
0.874884414647418,-0.0259127409963855,-0.450509813603629,0.507673511143353,-1.40315794546843,1.96384489577298,"bloomz"
0.880135109099422,0.64959286456557,-0.450509813603629,-0.0559491080325375,-0.520452406191732,-1.09913234968764,"human"
0.883635572067424,0.267388216115686,-0.450509813603629,-0.0704972741552404,0.203955878459068,-0.270637912763876,"davinci"
0.888886266519428,-0.689776274640058,-0.450509813603629,-0.579211000852514,1.74588960010166,0.575189882919665,"davinci"
0.897637423939435,-1.05258496435515,-0.450509813603629,-0.522233778617082,-0.300943836210999,1.22116709125529,"bloomz"
0.899387655423436,-0.395470297444942,0.0379077691883491,-0.40068518382976,0.763802822351213,0.280445137449789,"GPT"
0.90463834987544,0.614741864460328,-0.450509813603629,-0.374219818151748,-0.898610165123282,-0.0737062352902656,"dolly"
0.908138812843443,0.978609620352945,-0.450509813603629,0.865771629997622,-0.764997259861642,-0.103960700787693,"human"
0.913389507295447,-1.16395313357718,-0.450509813603629,0.117100569672389,-1.01041498699739,0.530657796375848,"bloomz"
0.925641127683456,-0.134456851606736,-0.450509813603629,-1.44926858363681,0.969097112727596,-0.388491922957447,"cohere"
0.927391359167458,0.471346155338704,0.725075364025548,-0.441302168655042,0.143570495917508,-0.10185205622272,"GPT"
0.93089182213546,0.726503494181352,-0.450509813603629,-0.818744278831989,0.26551690561648,-0.715028869394093,"GPT"
0.934392285103463,-1.23387712347068,-0.450509813603629,-0.995210719953677,-1.07506403365929,0.697207800049725,"davinci"
0.936142516587464,-0.263677891441614,-0.141825163672962,-1.02344552587739,0.00390889832307952,-1.57706188636297,"human"
0.939642979555467,-1.01087934238041,-0.450509813603629,1.05750920544714,1.38095324902627,-0.0363044061316977,"davinci"
0.941393211039468,1.96641177469083,-0.450509813603629,2.2274688683781,1.34094415344776,-0.790604887875702,"GPT"
0.944893674007471,0.423710363339576,0.0717212941508702,-0.030039821396259,0.035066997523937,-0.324736530093253,"GPT"
0.948394136975473,-0.96084550796798,-0.450509813603629,-0.350070171970561,-0.581689730186902,-0.0333231009089117,"davinci"
0.958895525879481,1.30629967794782,0.0396710095594386,2.52373772359059,-0.393310450679262,-0.192784708466041,"dolly"
0.960645757363483,-0.0508603793221501,0.0969905413002812,-0.273375141790753,0.943975423627709,-0.223514637027529,"dolly"
0.974647609235493,0.700205069073643,3.07624571928391,0.0923607245721359,-0.678256972497614,-0.700227776834004,"dolly"
0.976397840719495,-0.946131278732169,0.574245567650484,-1.28611045795334,-0.502118322522874,0.032646294187343,"GPT"
0.979898303687497,-0.0632620537819523,1.04157906569494,-1.29393765168758,-0.721125608102836,-0.609559364581264,"davinci"
0.985148998139501,0.0442666408637549,-0.450509813603629,0.121618661951336,-0.0658511499181102,0.683302462968242,"GPT"
0.988649461107504,0.21818269761906,-0.0208259907676488,0.813137785756566,0.963805275440365,-0.816755907907119,"cohere"
0.990399692591505,-0.994831744359693,-0.450509813603629,0.680479015067402,0.585492907742072,0.0124335957086691,"GPT"
0.992149924075507,2.08194961751747,-0.450509813603629,0.471017798189772,0.722559752051283,-1.29049063368031,"cohere"
0.997400618527511,0.691271568510394,-0.00357074837594725,1.96819782497061,0.25278714315032,-1.06395252459956,"human"
0.999150850011512,-0.430627210557838,-0.450509813603629,-0.732300778769335,-1.28194098297737,0.952875549246186,"davinci"
1.00615177594752,-0.428337233555645,1.41588314881795,-0.333426496899748,-1.34615321175641,-1.19787732670322,"cohere"
1.00790200743152,-0.855567290792032,-0.450509813603629,0.768740535461649,-0.202055151637155,2.19027323596422,"bloomz"
1.00965223891552,0.407400282383346,-0.450509813603629,0.037014156819303,-0.610108090066911,-0.617887552275768,"GPT"
1.01490293336752,-0.71255860994399,3.72733904843238,-1.2442687148164,0.440203347690155,0.597102496933291,"davinci"
1.02715455375553,-0.882901802024692,0.0396710095594386,-0.640872161402344,-0.0204764599870596,0.787231125770615,"dolly"
1.02890478523953,0.255827883456839,-0.450509813603629,1.05750920544714,1.54968726081382,-0.401849429035733,"cohere"
1.03765594265954,0.253963291279958,-0.450509813603629,0.0271864629679728,0.51600142283599,-0.635938554125063,"human"
1.04290663711155,0.101133206649822,-0.450509813603629,-0.350070171970561,0.537283190088475,1.90001945759826,"bloomz"
1.04640710007955,1.72117842206838,-0.450509813603629,0.954010721813485,0.259368347144265,-0.44289932576412,"cohere"
1.04815733156355,0.380291289378484,-0.450509813603629,0.0109254011171671,0.822385485867441,-0.482637155800393,"davinci"
1.04990756304755,0.0245303042719229,-0.450509813603629,1.7142143727283,-0.826848116475715,1.880197248344,"bloomz"
1.05515825749955,0.774247658811423,-0.450509813603629,1.58212307891131,0.450594156509547,-0.706987206270538,"davinci"
1.05690848898356,1.70085414934026,-0.450509813603629,-0.835258517974392,0.752035568727181,-0.102023677082065,"davinci"
1.05865872046756,0.540790709734243,-0.450509813603629,0.881561783269933,-0.475120880636866,-1.05140317294402,"cohere"
1.06215918343556,-0.718454742496237,-0.450509813603629,-0.447304273700074,-1.51416716374971,0.868280495066215,"bloomz"
1.07091034085557,-0.323130688411781,7.69048047430379,-0.433944749567584,-0.385613232806906,-1.39285961420866,"dolly"
1.07441080382357,-0.273872487347169,0.408857832068333,-1.01845580621693,-0.600642523552,-1.39896251114655,"davinci"
1.07616103530757,-0.500127310127654,2.04851021123385,-0.350070171970561,-1.23442393368087,1.03864357401641,"bloomz"
1.08491219272758,0.263247157628347,-0.450509813603629,0.910886353632797,-1.2625462689788,1.02835577914795,"bloomz"
1.08841265569558,-0.243572247009779,-0.450509813603629,0.735229273736407,0.0461168587464778,-0.207324816769611,"davinci"
1.09016288717958,-0.499976133751224,-0.450509813603629,-0.318489865425928,-0.440508775654803,-0.428533326146624,"human"
1.09191311866358,0.47891371426833,0.352922659864831,-0.884551963867379,-0.0421430390687964,-0.246240988993867,"GPT"
1.09541358163159,1.73974620113071,-0.0464024087936,0.222599463268647,-0.169895024919248,-0.645497462341525,"davinci"
1.10416473905159,-1.13118402115372,-0.450509813603629,-0.887824969329087,-1.15956306929625,-0.928213358799647,"cohere"
1.10766520201959,-0.804842461394712,-0.101011517551712,-0.311176531278757,-0.233564821656784,-0.415199077007916,"davinci"
1.1094154335036,0.360282270732035,-0.0390550014334169,-0.000552995483398598,0.728819095360834,-0.291087788449452,"davinci"
1.1111656649876,-0.832165870289625,3.0310309047597,-1.58170212721106,-0.348570371796198,0.931446575270211,"davinci"
1.1129158964716,-0.613139836217199,-0.450509813603629,-0.498948759966665,0.12193793030372,-0.485847934732089,"davinci"
1.1146661279556,-0.887292121566245,-0.450509813603629,-1.1169353516486,1.07213817084903,-0.355480689793849,"davinci"
1.1199168224076,0.390798298412248,-0.450509813603629,1.65609321903972,-0.850858473895756,-1.26878612597283,"dolly"
1.12516751685961,-0.0457071721265268,-0.450509813603629,1.06864511824318,-0.329881478085551,0.174401104025294,"dolly"
1.12691774834361,-0.852889900547535,-0.450509813603629,-0.146791111396888,-0.448909772009673,0.512665034135921,"human"
1.12866797982761,-0.33305706894077,0.0570793004755105,0.937545053962688,1.48577286240943,-0.876865502081332,"GPT"
1.13041821131161,0.586626206410607,-0.450509813603629,-0.19394781144712,-0.27232319510816,-1.48476400887803,"dolly"
1.13391867427961,-1.26595276520514,-0.450509813603629,0.388909001173735,1.95464888910395,2.26122415956479,"bloomz"
1.13566890576362,-0.436250698386025,-0.450509813603629,-0.0779654376732422,0.0977899500836758,0.455668531470448,"human"
1.14442006318362,0.650076447860906,-0.185314329197047,0.335234768104895,-0.170480485814194,-0.260207271409302,"human"
1.15142098911963,1.16606981685014,0.802074024183917,0.518755470873511,0.372473225086676,-1.06787917689337,"davinci"
1.15667168357163,0.0974664353150879,-0.450509813603629,0.0604738131095993,0.199815166513361,0.0563997385142433,"dolly"
1.15842191505563,1.11660759568672,2.2249599010007,-0.67418384440227,-0.0843684322867339,-0.75047886424406,"cohere"
1.16017214653963,2.63493932519865,-0.450509813603629,-0.706772322941852,0.627643480553946,-1.87843678979532,"cohere"
1.16367260950764,-1.27742870629249,0.142416334938597,-0.754486634885351,-1.11983591075052,1.27118004998911,"bloomz"
1.17242376692764,-1.06739348230271,-0.450509813603629,-0.778463895532473,-1.05468552982021,0.89225833911165,"davinci"
1.17417399841164,0.0865464390241212,0.183976578995296,0.193623213676142,1.31406769480417,-0.941231521437079,"GPT"
1.17942469286365,0.110684154957518,1.38435624066894,-0.103743780922463,-0.313136229320811,0.230268630780269,"GPT"
1.19342654473566,-0.285736762111585,-0.450509813603629,-0.493283190021782,0.262599915085475,-0.871532005567974,"davinci"
1.19517677621966,1.38469283439245,-0.450509813603629,-0.486918166997283,-1.82499297493732,0.71789497843508,"cohere"
1.19692700770366,-1.54799720114609,-0.450509813603629,-0.579211000852514,-0.176893324919324,0.435069814431468,"davinci"
1.20392793363967,-0.234129568561435,-0.450509813603629,0.727607788864871,1.12785223134492,1.83750325918098,"bloomz"
1.20567816512367,-1.00554614263939,-0.450509813603629,0.321729076342441,-0.751231081743778,0.112056182863951,"human"
1.20742839660767,0.110470617495356,-0.450509813603629,-0.423757553908027,2.8187977768228,-0.597578908438582,"davinci"
1.21267909105967,0.278971616384348,-0.450509813603629,-0.789938727413595,0.368549178300919,0.562367414420665,"GPT"
1.21442932254368,1.56741759908244,-0.450509813603629,-1.42380059448792,0.597854373807095,-0.180519625728935,"cohere"
1.21617955402768,0.82250869500414,-0.0845257488700174,-0.625094783334943,0.927173430917974,-0.221814109224025,"davinci"
1.21968001699568,0.640568386769982,-0.450509813603629,1.08683377581002,-0.840711239509904,-0.0216233143124429,"dolly"
1.22318047996368,0.745672045276258,-0.450509813603629,1.77729411435393,-1.01967155504216,1.60786859571357,"bloomz"
1.22668094293168,-0.41251378731727,-0.450509813603629,-1.12213796480789,-0.767257378657112,0.507810899801188,"dolly"
1.23018140589969,1.40473152900279,-0.450509813603629,1.60355292944539,0.347214992902493,-2.16024976041638,"dolly"
1.23193163738369,1.49658809670939,-0.38148079071793,0.0305719874246354,0.430329741671953,-1.30994204624612,"human"
1.23368186886769,0.327324725348274,-0.450509813603629,4.92070260542509,-0.0642902432410757,-1.45322875080547,"dolly"
1.23718233183569,1.10126756840383,-0.0805368217339567,-0.341209510422064,1.57396553589116,-0.511538637751832,"davinci"
1.2406827948037,-0.0400648083979803,2.24710782910174,0.055727639871686,0.086675597915925,-0.408939738250683,"GPT"
1.2476837207397,-0.652754979771169,3.42892127257266,-0.832013110977711,-1.20874701884363,0.399630695583455,"dolly"
1.2494339522237,-1.34185590017161,-0.450509813603629,0.415538881287041,-1.18653995736278,2.18352314809525,"bloomz"
1.2529344151917,0.837352138701572,0.680990919864454,-0.652168576086155,-0.0421430390687964,-0.495149606873608,"cohere"
1.25468464667571,-0.750934801405838,-0.450509813603629,-0.125380558514528,0.569205840967194,-0.581976719745198,"dolly"
1.25643487815971,1.18325025389605,-0.450509813603629,-1.07555200861907,-0.854194550954116,-0.593211303009672,"davinci"
1.26343580409571,-0.496060196837735,0.602049008227146,-0.647360643925164,-0.195836999057462,0.4864722630347,"human"
1.26693626706372,1.97314549528597,-0.450509813603629,0.163109809379649,0.537283190088475,0.0849658302164598,"GPT"
1.27393719299972,1.10797515508439,-0.450509813603629,-0.547850485950786,-0.962848389161482,-1.7564563819803,"cohere"
1.27568742448372,0.0633668614331226,-0.450509813603629,-0.234604676166765,0.943299405952283,-0.966517857426795,"cohere"
1.27743765596772,1.67958659696877,0.0926105384610511,1.97352413533882,0.12327602714581,-0.838390888334716,"cohere"
1.28093811893573,-0.912419250740228,-0.450509813603629,-1.12213796480789,-0.0621003144703085,-0.0998699561570543,"human"
1.28443858190373,0.914729642653247,-0.450509813603629,-0.717399000726498,-0.996124145103708,-0.00518731056124996,"cohere"
1.29493997080774,-1.0955394733686,-0.450509813603629,-0.741953066819809,-1.28811202834055,0.0253670543919872,"bloomz"
1.30019066525974,0.614528882734926,0.334346186489838,-0.213222176943841,-0.658436844060384,-0.100864483558423,"cohere"
1.30369112822774,-2.33244565976609,-0.450509813603629,-0.69646665938195,-1.16060280352381,-1.81447336419743,"dolly"
1.31069205416375,-0.461803037815852,-0.450509813603629,1.3088626657003,0.826541496010009,-0.57233167349368,"GPT"
1.31244228564775,-0.37122094669846,-0.450509813603629,-1.21707424572538,0.039961892188307,0.142549846145546,"human"
1.31419251713175,0.0969262413238078,0.761812400826459,-1.36935179010063,0.211451994912502,0.797055099807617,"davinci"
1.31769298009975,2.04054422194042,-0.450509813603629,1.32439574470471,1.89094705993472,-1.59283001041806,"cohere"
1.31944321158376,0.00709515818606972,-0.450509813603629,-0.634292930872214,-0.613569300565117,-0.0657676704118753,"GPT"
1.32294367455176,-0.134456851606736,2.61796675173355,-1.21945743449326,0.722559752051283,-0.303111631203599,"dolly"
1.32469390603576,-0.528100999579721,0.695313713958987,-0.591997877464229,-0.137652857061753,-0.0659982511344891,"human"
1.32994460048776,-2.20764936426446,1.19530943507722,-0.67775206831895,-1.39154780704268,2.03464022842321,"bloomz"
1.33869575790777,-0.363961557805007,-0.283498635231956,0.911972448831425,0.391463673728859,-1.42616685695691,"GPT"
1.34219622087577,0.203090248668413,0.690499329389396,0.392669709434007,0.519250547607361,-0.250062961386038,"GPT"
1.34394645235977,-1.13118402115372,2.62143787906991,-0.569401890027088,1.0874022970123,-0.0137828745953523,"davinci"
1.34569668384378,0.455397361416217,-0.450509813603629,-1.10799752904163,0.900710292400127,-0.378636997166051,"GPT"
1.34919714681178,-0.344062712261472,-0.450509813603629,-1.27379413840093,-0.348570371796198,0.56179677418468,"davinci"
1.35094737829578,-1.96027980309507,-0.450509813603629,-1.58170212721106,-0.250142198253456,2.26943335733676,"bloomz"
1.35269760977978,1.9667517760869,-0.450509813603629,-0.753714258141816,0.160113046092761,-0.727623267806216,"cohere"
1.35444784126378,0.297458255196953,-0.450509813603629,-1.1570014529902,-0.806770490012407,0.545501825223786,"dolly"
1.35794830423178,-0.623417349875072,0.403453004108131,0.177772094561081,-0.786629825475431,2.1777813011991,"bloomz"
1.36144876719979,-0.038980880629077,-0.450509813603629,0.149393478080882,0.352220080385993,-0.447691500978216,"davinci"
1.3789510820398,-0.39688628358873,-0.450509813603629,-0.462036713356061,-1.3477654668513,1.9478259622703,"bloomz"
1.3807013135238,0.839364165596615,-0.450509813603629,1.33532092467433,0.350787703375911,-0.579789746287317,"GPT"
1.38770223945981,-1.53861114304823,-0.450509813603629,-0.999173499732443,0.728819095360834,-1.55980558052397,"dolly"
1.39470316539581,-1.69645121045845,-0.450509813603629,-1.29190637303682,-0.713333603160474,0.964001066122935,"human"
1.39645339687981,-0.274537426786311,-0.450509813603629,-0.646285452344857,1.16523001876623,0.345268783916251,"human"
1.39995385984782,0.570341858240295,-0.450509813603629,0.770853292911235,-0.232447245706448,0.15558210510929,"dolly"
1.40345432281582,-0.541923933497017,1.54207009439049,-1.22980728285663,-0.957218057172742,-0.874406313541182,"dolly"
1.40695478578382,0.145704298752416,-0.450509813603629,0.881561783269933,0.537283190088475,2.18556641793666,"bloomz"
1.41220548023583,0.274725881154654,-0.450509813603629,-0.769637101777763,-0.267448250744489,0.0653374908730714,"dolly"
1.41395571171983,-0.413893804014441,-0.450509813603629,0.560266490598501,0.108327671631105,-0.422355284199875,"GPT"
1.41570594320383,-0.533147719425534,1.29026054557804,-1.30493090131432,-1.29414439852703,0.0509665285716285,"davinci"
1.42270686913983,-1.23338009803132,1.69790930057628,-1.10005834583209,-0.637256355650608,-0.00536554633720534,"dolly"
1.42620733210784,-0.711329768228104,-0.450509813603629,-0.141196916403465,0.385323904618979,-0.0994172966264827,"GPT"
1.42795756359184,-5.19548563250647,-0.450509813603629,-1.58170212721106,9.98638785019165,2.71273003702295,"bloomz"
1.43320825804384,-0.21654026556943,0.47107449419843,0.591766029095697,-0.00785746337901657,0.197372406586359,"human"
1.43495848952784,-0.193068917796573,-0.0118019363300598,-0.863549383630593,-0.723056571426745,-0.654591972840899,"GPT"
1.43670872101184,1.44349997887045,-0.344514428735425,0.201656360015003,-0.328528436006951,-1.45217561245321,"human"
1.44195941546385,0.44230783369819,-0.450509813603629,-0.342324059044521,1.88927772478878,-0.804898732280254,"cohere"
1.44370964694785,-0.184485628456588,-0.450509813603629,0.415538881287041,2.00572513050991,0.0120302653963002,"dolly"
1.44721010991585,0.10077076040635,-0.380878999236362,-0.00299580493606125,0.417089099500078,-0.815499450344164,"human"
1.45246080436786,0.456436779851082,-0.00822939661284757,-0.678505360034693,0.222313034751703,-0.0494235662504991,"GPT"
1.45596126733586,-0.42240025614253,-0.450509813603629,-1.00211061886259,-0.991248446104686,0.505367969449727,"davinci"
1.45771149881986,-0.023392967000074,-0.450509813603629,-0.760614157050726,-0.643854892424422,0.318927966717509,"human"
1.46646265623987,1.88179259315848,-0.450509813603629,0.588574445899943,0.0481775523959091,-0.581845585398201,"davinci"
1.46996311920787,1.97112929406126,-0.450509813603629,0.192682893050667,0.577321769156702,0.212082100331603,"GPT"
1.48221473959588,-0.0604142618689635,-0.450509813603629,0.289131222521338,-0.628903777455904,-1.21708567614452,"cohere"
1.49446635998389,-0.299369892386326,-0.450509813603629,-0.572167737669667,-0.663217811809878,0.774727886087158,"davinci"
1.49796682295189,0.490277499305749,-0.450509813603629,-1.25758845477935,1.03460448798863,-0.48959224608328,"davinci"
1.49971705443589,0.976181994459903,-0.450509813603629,-0.701965016324989,2.22462330796403,-0.424047637949525,"dolly"
1.5049677488879,-0.0494899453502706,-0.0795259665649131,0.159999627674487,-0.512617327700766,-0.644697274698708,"dolly"
1.5067179803719,-0.335737678078363,1.52687010896195,0.292520413372302,-0.0276089363307376,-0.0646886421759833,"cohere"
1.5102184433399,0.362803345156187,0.551557256626407,-0.0119751254339535,1.1857511569583,-0.464785010351764,"dolly"
1.5154691377919,0.107605460997531,-0.450509813603629,1.9940035492936,-0.300943836210999,0.640764603764405,"human"
1.51721936927591,0.00951485066115812,-0.450509813603629,-0.965886149590808,0.537283190088475,-0.667456139470177,"GPT"
1.52071983224391,-0.744219355329598,1.54625618663417,-1.10799752904163,0.294998455214034,0.512911927301994,"davinci"
1.52247006372791,-0.738608043945645,0.382496861342199,0.0861328121771177,-0.840711239509904,1.95486495682324,"bloomz"
1.53297145263192,-0.151849406243131,-0.450509813603629,-0.142132309397489,0.0157416991087538,0.726104176207045,"davinci"
1.53472168411592,-0.335737678078363,-0.450509813603629,0.281270578194738,-0.832439964422279,1.82469506243207,"bloomz"
1.55047376747193,-0.896659981260314,1.32439329771886,1.18946977208006,-1.23442393368087,2.36364629820966,"bloomz"
1.55397423043993,2.10185486889969,-0.220763471782699,0.725033307353086,0.624189671076039,-0.836659024137929,"davinci"
1.55572446192393,0.381996799233267,-0.450509813603629,-0.285247437484217,-0.404074980936842,0.491513933826649,"davinci"
1.55922492489194,-0.90411008703888,-0.450509813603629,-0.389800235042835,2.17563601421926,0.191164132800346,"GPT"
1.56622585082794,0.541998425960807,-0.450509813603629,0.142582610125636,-0.643854892424422,-1.2552098507564,"dolly"
1.56797608231194,-0.305795075793324,-0.450509813603629,-0.760614157050726,-0.880082508927001,0.839363277671128,"davinci"
1.58197793418395,-0.514101977332273,0.414331511340128,-1.18862809894281,0.562413787588748,-0.464468603575826,"GPT"
1.58547839715196,-0.940214445811943,-0.450509813603629,-0.472123789156556,0.94163676788568,-0.0368810863169591,"human"
1.59773001753997,0.364439742348328,-0.450509813603629,0.78844871448886,-0.363791223374972,-0.561332582945077,"davinci"
1.60123048050797,-1.22624226047162,2.06393626076989,-0.115473609067611,-0.0673470188169367,-1.44792248742946,"GPT"
1.60648117495997,1.08724587906656,-0.450509813603629,0.8394547078771,-1.82499297493732,-2.15583002171072,"cohere"
1.60823140644397,-0.361448732554663,-0.450509813603629,0.244870687764257,0.0768395308037864,-0.0306637237667246,"GPT"
1.60998163792798,1.20828441306795,-0.450509813603629,1.8728753082196,0.479666698258578,-1.18150815605367,"cohere"
1.61173186941198,-3.28931502304241,-0.450509813603629,-1.02971021449823,-1.09712076722629,0.236658492829799,"human"
1.61348210089598,-1.38221160459518,-0.450509813603629,-0.380109975756915,-0.0964982200403961,2.22510368936814,"bloomz"
1.61698256386398,1.08195712265672,-0.450509813603629,1.16578454217158,0.537283190088475,-0.160107360013152,"dolly"
1.61873279534798,-0.178380421790167,-0.450509813603629,0.914849133411571,-0.228860431000971,0.00554394310317296,"davinci"
1.62223325831599,-0.865390109274523,-0.450509813603629,0.388909001173735,0.419169381837185,-0.269077054383485,"human"
1.62748395276799,0.294902544505806,0.352922659864831,2.05721046781767,-1.82499297493732,2.05871442281137,"bloomz"
1.62923418425199,-0.161451545781972,-0.450509813603629,0.646965220366982,2.89955935511427,0.0892432543186941,"davinci"
1.63273464721999,0.702793970812725,-0.450509813603629,0.0355923594683773,-0.870537958765281,-1.46451812250704,"cohere"
1.646736499092,-0.346874117247898,-0.450509813603629,-0.404983698637334,-1.52406607493403,0.279841592809692,"bloomz"
1.65023696206001,0.450311328708652,0.431179069618254,0.889664625080724,0.739319967360409,-0.991842325017989,"GPT"
1.65198719354401,-0.911904043853382,2.94399238680062,-1.58170212721106,-0.325135092381259,1.02925812250039,"davinci"
1.65548765651201,-0.464583047889814,-0.450509813603629,0.198970579160743,-0.971158216494261,1.30472189942094,"bloomz"
1.66248858244802,1.44764102580127,0.112114860496522,0.273165275259566,1.23458157615031,-0.202131370746041,"human"
1.66423881393202,-0.123286633327333,-0.450509813603629,-0.338770796234404,-0.958102639148037,-0.958479821757531,"cohere"
1.66598904541602,-0.405598729519719,-0.450509813603629,-1.22836509087157,0.49855735131756,-0.0206312586747716,"davinci"
1.66948950838402,0.432656058711684,-0.450509813603629,0.0883073036235122,-0.356911742435414,0.486125709832023,"human"
1.67824066580403,-1.60575476381544,1.30149132208889,-0.402480042406327,-1.07107504992909,1.86283662063112,"bloomz"
