"CERF.A1","CERF.A2","CERF.B1","CERF.B2","CERF.C1","CERF.C2","Dependency trees.longest_distance","Dependency trees.average_distance_all","freq.ratio_in_first_10","freq.ratio_in_first_100","freq.ratio_in_first_1000","freq.ratio_in_further","lengths.avg_sentence_length_without_spaces","lengths.avg_word_length_with_spaces","lengths.avg_words_per_sentence","Ratios.ratio_adverbs","Ratios.ratio_pronouns","Ratios.ratio_determiners","Ratios.ratio_conjunctions","Ratios.ratio_subconjunctions","Ratios.ratio_coconjunctions","relfreq func.ADP","relfreq func.AUX","relfreq func.DET","relfreq func.PART","relfreq func.PRON","relfreq func.OVERALL","relfreq func.INTJ","sentiment.sentiment","sentiment.formality","TTR.ttr","author"
0.0553879817002428,-0.686381785238793,-1.57845568122025,0.599836513884615,0.600351907398445,0.43927697795932,-1.09049589020303,-0.804158857760459,-0.562238264205863,-0.552578767443319,-0.194602096265563,0.36814839848832,-1.45126311090122,-0.514737512132138,-1.00818289107601,1.0311065100262,0.703902158937354,0.90621244272349,-0.501211773767891,0.545691728805044,-0.993193425119166,-0.137552732868648,-0.61790422291368,0.963527230213644,-0.840630375639612,0.722515724851566,-0.074154024284761,NA,1.11270517675711,0.181201923111287,0.882681520253772,"GPT"
-0.387873804295544,0.977054388319915,0.27669328487839,1.65761841185902,-0.265168359018369,1.59864313204282,0.155785127171862,-0.91738776557081,-0.962755833634935,-1.07448215702259,-1.20869010857811,1.11299551422047,-1.42977017349174,0.433775305381473,-1.37611491593182,1.04084578560766,0.0322216487473488,1.51319913678787,-1.19884432777525,-1.00221534580449,-0.937423647216239,-0.860870971070786,-0.84027269760495,2.00262590251723,0.197355357838921,0.140038369419378,-0.242977320177057,NA,0.928714556978377,0.215473866143606,1.19991649425781,"GPT"
-0.233142363730859,1.03778469874843,0.577205265216263,-0.202712872462267,0.375577641831513,-0.85320158640784,1.40206614454676,-1.78375891564284,-0.672663572172362,-0.831283557402447,-0.782327933211408,0.317586994012834,-1.87666713424307,-0.169066667021342,-1.50548566229332,-0.671136250196482,1.37394025786418,0.383831890993195,-0.519173045961266,-0.831096440436969,-0.158472552875655,-1.04396577054182,-1.19004129779497,0.347903688436048,-0.204439994359837,1.38232256146489,-0.862290857835403,NA,2.58463013498699,-0.17570946086204,0.709367942510388,"GPT"
-0.754667179071958,1.71059792947557,0.952197711887742,-0.182668641866569,1.70024143079569,-0.85320158640784,0.77892563585931,-0.0781765392887452,-0.606643334856221,-1.07703488677578,-0.896385230097401,1.49771963903504,-0.222880133988484,0.325739094166539,-0.349146409360373,-0.359489690658027,0.657273918635088,-0.00858239184753987,-0.631985980299437,-0.944445905647292,-0.234818439647061,-0.188788386437259,-1.36626999416718,0.28565461907744,0.523774040269959,0.782698470878738,-0.535281921078508,NA,2.03265827565079,0.499093691425849,0.675244478541566,"GPT"
-0.669625887958834,0.739400829912404,1.28079196983276,0.085085650603123,-0.23407935160351,0.500936505800689,-0.467355381515586,-0.268892277425671,-0.915352489233928,-0.73720546355614,-1.03730115417066,0.00283226744275283,-0.530337136011059,0.622910831519658,-0.724347709313031,-0.213199570387558,-0.2282913481574,-0.0236249393564346,-1.08682907514837,-0.86146922186752,-0.879192917209024,0.102379143978747,-1.32098954276702,0.407766794140976,-0.537723781926838,-0.106647690379758,-1.27439531758607,NA,0.560733317420907,-0.134961020477524,1.31096071613826,"GPT"
-0.647949150688357,0.812989720243517,0.613679482981445,-0.0243058259663751,0.47949963407068,0.453002414041093,-0.467355381515586,0.566137607534539,0.803874901756773,-0.290844985276024,-0.845113586367455,-0.0246576666371674,-0.31389681703582,-0.0250408666519251,-0.2704959650404,-1.5716582654247,0.334331614607336,0.980094457159003,-0.812142678448793,-0.667844542145089,-0.641961169378363,0.290559634126644,-1.04205147823512,1.10449798344201,-0.845198794053026,0.364230650124098,-0.338421868310301,NA,-0.543210401251504,0.178224275689271,1.16397025938603,"GPT"
-0.06655768991668,0.485669814563568,0.481610173540646,-0.734743081320899,0.475621003934371,1.26750318443597,-0.467355381515586,-0.268737816605199,0.255209200049432,0.0582865005455545,-0.508920374855804,-0.130002464735481,-0.0257018270959594,-0.422817959304353,0.149832639030275,-0.794828630697092,0.712802095735243,0.212631542106794,-0.0155530609313094,-0.256821161287894,0.139805933632471,-0.121041498214289,-0.773467435476453,0.165087078430916,0.46225218887105,0.711112274146731,0.0262373140070119,0.955314411343514,-1.27917288036644,0.433301695720404,1.10492336783994,"GPT"
0.285320196256015,-0.780858474015812,1.23098332103368,-0.757350995073602,0.386779408244574,-0.299143583214411,1.40206614454676,0.631109169460327,1.4711935886754,0.458920732799394,0.108028127178332,-0.060989540751101,0.725957758910455,-1.49210984863568,1.32682640765938,0.295253278520906,0.291390581153448,2.16617350769423,-0.419620258222787,0.152739502911446,-0.641961169378363,-0.00833147417978401,-0.497004552280655,2.19457095485151,-1.57688156253282,0.270810385960365,0.129146303415818,NA,1.84866765587205,0.0273613178952609,0.367618272670246,"GPT"
-1.14706796128919,-1.39373062302685,-0.244055454187004,0.176191710518092,1.99644671667155,-0.85320158640784,0.77892563585931,0.251507284925384,-0.604466843516129,-1.53805878302417,-0.372253596646759,0.601580574228444,0.452330867363158,1.02027351397499,-0.105458967123079,-0.12685478522138,0.765914982742356,-2.03990550154704,-1.96972854979838,-0.877278533842687,-2.01974999703531,2.04672964862175,-2.00703118975738,-1.60704062314615,-0.490043740302246,1.05179716000063,-0.712655847889662,NA,-1.46316350014518,-0.691697781858124,0.957187128701308,"GPT"
-1.45446739189724,0.571744248777692,1.22113527617441,-0.358166982871823,0.138012012687597,-0.172384925657243,0.155785127171862,1.00607911489008,0.332761941368412,-0.866421158718533,-0.551379544622175,0.782876589812085,0.75644761254001,0.96205408927051,0.16190096950298,-0.609543071688324,0.100984234647141,-0.4729542765723,-1.18328748482723,0.0109766235249213,-1.54865530239975,1.97330681174785,-1.64662565300114,-0.213596908203296,-0.473842282970464,0.20321689838627,-0.297452189028444,NA,-2.38311659903886,-0.425293658217626,1.06052589344854,"GPT"
-0.612416282374433,-1.20909974256354,0.173189556733697,0.202179715217776,-0.0197811564280598,-0.198941603913471,-0.467355381515586,-0.771029819543055,0.209169793045001,-0.392706780716432,-0.175933896036757,0.87016396513938,-0.0880460494094775,0.209120565138026,-0.18797746608174,0.830842655882351,0.277850615649969,-0.940271708276839,-0.365612259371051,0.171557155050335,-0.583317856631824,1.7944881415759,-1.23628030006689,-0.765460982588079,-0.736467544409689,0.375004150807873,-0.228104207285008,0.0840640611586416,-1.09518226058771,-0.371662051956585,0.869207923219693,"GPT"
-0.707176472268773,-1.3975227566376,0.851705586436424,0.670457143498917,0.388267800084553,-0.213682296759968,-1.09049589020303,-0.85150827130276,0.367068751633662,-0.94388292361955,-0.0342349853882814,0.749796176140924,0.274256223657775,0.410844317298481,0.0183187813149109,0.628059759548019,0.252950704246088,-2.14828228383604,-1.00036192931379,-0.0103764031289522,-1.2969959079812,1.79256395632016,-1.27967708036244,-1.67628256156298,-1.19449802458474,0.51635447179761,-0.906920471310135,NA,1.11270517675711,0.463945048996745,0.807468716594546,"GPT"
-0.904565379654452,-0.572836603590161,0.268159503249229,0.0981825940158797,1.46775915546852,-0.241256926164351,-0.467355381515586,0.638422108627319,0.878812004756936,-1.23910870902752,-0.629871152997991,1.5214319775856,1.21059586444197,1.02998424388168,0.492800150327207,0.417123915285786,-0.119591964577888,-1.33568937766221,-1.16000685924789,-0.48618739553486,-1.20844854735869,1.3334297928485,-1.44702666596417,-0.810686772410975,0.0895605477755422,0.0876873322808522,-0.709726974680461,NA,-0.911191640808974,-0.048738072692331,0.923795203342453,"GPT"
-0.370885464464715,-1.2527662318499,1.24444675681697,-0.201697102005571,-0.234921624407567,-0.85320158640784,-1.09049589020303,-0.290876277257782,1.10475504994081,-1.04205414243441,-0.547305179846614,0.832481350118095,0.734719211102856,1.13825551943233,0.0674030608679073,-1.29710718610224,-0.192009941646184,-0.109745723047711,-0.899230764594985,-0.182154180548629,-1.05815721820409,0.945461955015443,-1.00897285449509,0.591419628859547,-1.21946500833538,0.0110452601866975,-0.48654850501294,NA,-1.46316350014518,0.736036892742611,0.782859323048888,"GPT"
-1.48531146053187,0.987253710261179,0.433552719947455,1.00303113603185,-0.653095413594432,-0.112232449606991,0.77892563585931,-0.636519820273752,-1.57188615145383,-1.95381078933514,-1.20642711697455,0.470062897270098,-0.0921866468159604,1.88339015512837,-0.86297878756358,-0.389846914429068,-0.657813629481582,-2.40316460130235,-1.1954604290068,-0.34238750146735,-1.34427182506941,0.591181112294245,-1.27498415680631,-1.99047278793787,1.02568985786928,-0.48611558001163,-1.66491818551768,NA,0.00876145808470164,0.417856022402958,1.50328443813445,"GPT"
-1.02506700693262,0.45351378682863,0.457156469041698,0.491580010961131,1.43659896333968,-0.185927390880131,1.40206614454676,-0.0757682068172356,-0.344249033990247,-1.26927702584436,-0.722838612888539,1.250049120107,-0.771311838969519,0.579857233894352,-0.901173064224445,-0.260068339059117,0.299300771526532,-0.745865148040084,-0.470015879958343,0.693251800532417,-1.0445166464819,-0.156241158717178,-1.41534971318026,-0.304221064620505,1.18295740600449,0.484772446418199,-0.773660950672166,NA,0.192752077863437,-0.11747748572317,0.953771195309282,"GPT"
-0.907009531711925,0.637312458494689,-0.629160454331294,-0.51955422916621,0.434037967368621,-0.153006842334173,0.155785127171862,-0.465516471095767,-0.327229470591173,-1.30949954529746,-1.34041924074122,1.60304603279466,0.314344734911451,0.972205339969387,-0.21685894071727,-0.715138861747119,-1.06870598133473,-0.713864463631364,-0.765058097475893,-0.386314606586215,-0.756082273491348,0.900370816367862,-1.09209241414873,-0.431094536205913,0.763704675333729,-1.0134225549601,-0.957787859228831,NA,1.66467703609332,0.136388329410261,1.144068258484,"GPT"
-0.424265622831854,1.71915440359165,1.0665958828003,0.235216112614628,0.691104453715065,-0.85320158640784,1.40206614454676,0.955991329437417,0.746833931105106,-1.11740249478538,-1.16414681921692,1.6618641523156,0.115183447420955,1.25084480489578,-0.469651188488704,-1.17108823942838,-0.170642800002358,-0.510886540112755,-0.79062308543501,-0.34238750146735,-0.816772118611505,1.70763102998426,-1.31849426234817,-0.732979670653813,1.02066021574268,-0.223671085601652,-0.0923530452164696,NA,0.376742697642172,-0.442856313052523,1.02539874062515,"GPT"
-0.359477937490373,0.151921306056251,1.0588970852383,-0.820763742597858,-0.383469160352632,2.01841421224449,-1.09049589020303,-0.0584210444356967,1.18057248042688,-0.245728870561255,-1.28898407392251,-0.42259072644669,-0.808698207110523,-0.525904764944837,-0.484218877343329,0.640509240786962,0.914922777669839,0.407884832572276,0.282948671743472,-0.231350549733348,0.512875901798916,1.12009306681084,-0.338328283779756,-0.981852717830578,-0.592922258024806,0.41690246472536,0.0299856546808423,NA,-0.727201021030239,0.736036892742611,0.959171132202809,"GPT"
-1.03066775315291,-0.442669977316463,0.861637674325215,0.46024664560767,-1.09375961437063,-0.212572020215437,-0.467355381515586,0.179660096065915,0.464543656990474,-0.822785492027567,-1.27621453954124,0.676692545929349,-1.14461228416718,-0.40522064634285,-0.796907079087026,-0.822206370134261,0.987873196929944,-0.0251798600629295,-0.64039598755907,-1.62367636402912,0.177574017952002,0.758340540978233,-0.728643141222149,-0.598939258165299,0.0470065936761247,0.79036025723019,0.11515565530888,NA,-0.727201021030239,0.19185320525074,0.643178228201769,"GPT"
-0.661987915051227,-1.08585420172481,0.763842201427069,-0.237578413359832,-0.816422839638458,-0.85320158640784,0.77892563585931,1.46736890815508,1.21469846986534,-0.797816949431282,-1.54531010960772,0.148386929658061,-0.811677100855939,-0.160312598925585,-0.624045051096038,-0.296516802759571,0.761539844866543,0.946917420780397,-0.827780359102002,-1.41139558615054,-0.198896588319903,1.09944918961929,-1.0263149324788,0.0623425891055008,-0.770670161037268,0.462087805083072,-0.15881699537171,NA,-1.83114473970265,0.468152654827866,0.737542426247695,"GPT"
-0.882176418525556,-1.46523145788936,2.05195890591381,0.289039429194224,-0.496894294255414,-0.85320158640784,-1.71363639889048,-0.413230922300911,-0.320782513487366,-1.33432850846896,-1.78986484655949,0.0044406062517618,-2.24988275316614,0.262553402310156,-1.97900397757084,-0.482915754978814,0.456317597385853,1.21394767201969,-1.08486053617533,-1.22361655391721,-0.650908808848968,0.0684491535467803,-0.326109980135364,0.389000521947026,0.26188708671362,0.194718487982647,0.176181853160165,NA,-2.01513535948139,0.468152654827866,1.19968503719056,"GPT"
-0.40665957029178,-1.37221259926491,1.01378851440083,-0.348559859517919,-0.334497305882072,-0.224577003568276,-0.467355381515586,-0.582176376247767,1.0470442962312,-0.774013032487941,-1.32074909039297,0.166225372489823,-1.15001517968583,0.104659167700724,-1.01522541814231,-1.36930697194538,0.456317597385853,0.447174059023329,-0.199017998308202,-1.63514761306459,0.759835681016546,1.39255946544705,-1.11271973512005,-0.2764411456013,-0.959268378049663,0.225288550263112,-0.437533153681134,NA,-0.911191640808974,0.736036892742611,0.889230198892796,"GPT"
-0.6804589306144,-0.35453600544936,0.0719528529111223,0.478978917002766,2.61966484658146,2.47114643275274,1.40206614454676,-0.162295180670516,-0.289025974968026,0.0699227559536948,0.136781835644176,-0.619501275567542,0.017459557582634,0.0263020116561234,-0.0197666797429321,0.0105838560329055,2.33236417577232,-1.27071394653221,-0.507444909323583,0.00252050587120839,-0.662767495407614,0.397471150676942,-0.335992569107423,-1.15148984930003,0.276699694658197,2.5073756501456,1.20894974748454,NA,-0.911191640808974,-0.114373797074067,0.999283195899881,"GPT"
-0.762459045160002,-0.66812897511603,0.192049759969873,1.20953750141153,1.24558149991261,2.88668993514781,-1.09049589020303,-1.75712765546682,-1.32591644666891,-0.667661532543442,-0.115557585510238,-1.75273098167912,-0.443696108775094,0.232988679167732,-0.489596807103049,0.293225810846352,2.00356833881699,-1.27794562800822,-0.447724578340298,1.31956749929955,-1.40584119143831,0.0130142327653577,-0.226487107433154,-1.20972457978949,-0.963481979308279,2.13684573623578,0.301767834037041,-1.03937847250215,0.192752077863437,0.206635784197928,1.37975588474809,"GPT"
-0.991286589939088,-0.798028126394646,-0.0832658871019838,0.804979284109053,2.24826666453026,1.07874935666454,-0.467355381515586,-1.1840077313539,-0.640000928447534,0.162883865640858,-0.255176611337598,-0.515281382467824,-1.2453689843798,-0.468426121089142,-0.854527755084021,0.921157727358986,2.07854213250344,-0.80822979754914,-1.33768269839884,-0.697098875302185,-1.30850182863477,0.123721044301936,-0.010429877856052,-0.567429758214641,-0.257704578797866,2.28497721818423,1.23138074074522,NA,-0.175229161694034,-0.358058731583008,0.752622869341618,"GPT"
-0.582231122647341,-0.01700439454204,-0.0665026256294645,0.0536152901922217,1.60203700906379,1.0855162601429,-1.09049589020303,-1.33093883742697,-1.02414830464484,-0.811533075817695,-0.264752252489474,-0.0587429126947193,-0.617047698581884,0.0723160922321029,-0.562994572956366,0.358425358927641,2.75004000942357,-1.56265754581136,-0.844471642352411,-0.347134538521595,-0.883977610059268,-0.557539115536917,-1.1180566528749,-1.23927802249998,-0.456264880868295,3.09346127119615,-0.182106038783825,NA,1.29669579653585,0.460092421120631,0.961415758309751,"GPT"
1.22482272773042,-0.750531700872069,-0.730055690779027,0.0257049267245533,-0.470676598640282,-0.85320158640784,-1.09049589020303,-0.335875985902927,-0.0580214905773676,0.613263682769688,0.425191636693754,-0.379339607430527,0.453726922932278,-0.625573281051989,0.65046942512322,0.429713554639276,-1.24885571689782,0.969409060307334,1.85996735997755,1.13805267740603,1.71419681830476,-1.78183996781611,0.751120277117916,0.826004525028412,1.61409689791073,-1.30336627622806,-0.369427612883258,NA,0.560733317420907,0.736036892742611,-1.37517278780389,"Llama"
1.26480110566307,-0.828862070689764,-0.800210289876096,0.262677465793439,-1.41022096230272,-0.85320158640784,0.77892563585931,0.247591667649334,-0.195286471578729,0.513468584361829,0.521503746561587,-0.28616374524039,0.617065424519183,-0.787866987635469,0.869290801826095,0.463987631034778,-1.18198932285193,0.901809741065416,1.83484859551652,1.07440201530399,1.72113944844703,-1.66325229293283,0.697815089190544,0.791752634603756,1.37177204164428,-1.22995499360915,-0.404283537961215,NA,0.376742697642172,0.736036892742611,-1.40383925422163,"Llama"
1.35659654651843,-0.168127800570102,-1.6184336885474,0.100389853017658,-1.87322609614499,-0.328304530750908,-1.09049589020303,-0.848361243106665,-0.3758595487598,0.456635198270334,0.620594234612949,-0.684624185358393,0.480071842543068,-0.466173416167227,0.595282802259737,0.818360085027857,-1.62753442691381,0.959603254050162,1.9543715856127,1.76082007014345,1.44904640370768,-1.77790970892603,0.563960017917239,0.933515388881449,1.58303359610472,-1.66713330660115,-0.749314196580637,NA,1.11270517675711,0.736036892742611,-1.63545941515893,"Llama"
1.32848571964322,-0.0279911359090991,-1.48358803851652,-0.173860669064639,-1.06770243211235,-0.329793600412347,-1.09049589020303,-0.890484736301532,-0.412589631531032,0.463174733483537,0.54577425244953,-0.470041422201662,0.430894659269591,-0.625709631499486,0.631218277612703,0.781315036040325,-1.64034028221488,0.628973609201498,1.98066265490249,1.72679563626036,1.504510191796,-1.70815155439467,0.618785188721991,0.634024385737276,1.56312191216159,-1.67304452084471,-0.808889313278671,NA,0.928714556978377,0.736036892742611,-1.61123728861655,"Llama"
1.82978735050412,0.414323013005744,-1.73799646040591,-0.721618916689892,-2.07048669219287,1.99074932015728,-1.09049589020303,-0.0407376043541183,2.06947930798174,0.634960043502664,0.109699854414718,0.175167640989466,-0.783289995752559,-0.82558899389298,-0.305978919592623,-0.769847866246107,-0.893193152589896,0.789775035042978,0.339188933681991,-0.75954961487868,0.915372307558779,-0.219693067638039,-0.349557681242897,1.48284223430123,-0.0695340599753079,-0.777601661662156,-0.308524748975826,NA,-0.911191640808974,-0.774705611776763,-0.0309040082270697,"Llama"
0.943353209710926,0.717055585488169,-0.78418848296657,-1.75081204291958,-0.24750952234754,-0.178608112684213,-1.09049589020303,-0.0547105770468181,1.39982992238245,-0.193462925424084,-0.17333978495479,0.0218967835305115,-1.15142674698349,-0.539345698988455,-0.744977334052696,-1.17851614911797,-1.01787864690708,0.195013609111775,-0.680583404799727,-1.85541339807804,0.26964715937017,-0.135469669931241,-0.451510660109195,0.554747179901504,1.19883051310079,-0.963324684133419,-0.392888854882655,NA,0.00876145808470164,-1.00920892591111,-0.104229646632005,"Llama"
0.852943211388345,0.823211346692428,-1.54869551926632,-1.4457619688434,-2.62398254004548,-0.85320158640784,0.155785127171862,0.482766046896184,-0.984759239485024,-0.266955307950636,0.129440463269917,-0.574128948948025,1.20650436502845,0.534512677766416,0.717932142051379,-0.910674464428607,-0.779606336851388,-0.826266216977688,0.52509828117329,-0.55396972445655,1.02947685399116,-0.611183517214254,-0.0410023342548655,-0.550017997807851,-0.361685282855073,-0.70760211573289,-1.39301337298155,NA,-0.359219781472769,-0.771783479272906,0.372387191102316,"Llama"
1.82640171406541,-1.99892266991996,-1.24176025287441,-1.43974088160926,-0.410679676875744,-0.85320158640784,-1.09049589020303,-0.506878646380932,0.933569966295617,1.97100348858276,1.6641111735652,-2.16660864794678,-0.229611929117292,-1.60880277445263,0.596845214231605,0.499205713420145,0.920619858031104,-0.112877387909211,1.73920547454507,1.13445641499726,1.5590865592749,0.0465426114791886,1.4081169094816,-1.33057447653179,0.343523176464453,0.475898120626063,1.16559879186809,NA,0.744723937199642,-1.40388543130599,-0.796227344893273,"Llama"
2.054893584704,-1.34606444084975,-0.968728881988149,-1.18465396007696,-1.12502888215722,-0.85320158640784,-0.467355381515586,0.668459318680728,0.403282338763128,2.02112957713956,2.38384409290375,-2.11041164676555,0.429528626400886,-2.33722153655652,1.56554063678979,1.25997948619059,1.28027901822924,-0.170531143496097,1.18201602035421,1.26090636217752,0.754259615839212,0.0361758211842331,1.34608133569133,-0.899407831965337,0.871318534137479,1.00818504643238,1.89989063841563,NA,1.11270517675711,-2.88413245245249,-1.33194077024692,"Llama"
1.53332072856221,-1.20619801507142,-1.82491444985879,-1.56049075093693,1.80719594677999,-0.85320158640784,0.77892563585931,0.883299591016309,0.283403908521347,1.69327599930241,1.99501496473739,-1.34255642006606,0.312049799692021,-2.05004084758412,1.26008909628959,0.982691072760651,1.23499226499917,-0.72489417798539,1.0177986745862,0.996276947829702,0.705223943771502,0.523859808660565,0.882430041998376,-1.21928253844387,0.43029388064711,1.06873579339545,1.50926469743441,NA,0.560733317420907,-2.26633005434083,-1.06093608115197,"Llama"
1.46140198483901,-1.26940896999282,-2.09410408751464,-1.13046099089397,0.780983647043016,-0.85320158640784,0.77892563585931,1.31240458331116,0.570231227025142,1.61714376674045,1.92777249445041,-1.07436153574075,0.475973743936944,-1.6783080923119,1.20618588326014,1.19882059173344,1.05734978670147,-0.698550480065444,1.03253902862553,1.00579344005887,0.71849906561102,0.281981162153789,1.09071401386388,-1.19572159458016,0.882654107560525,0.893918069284562,1.61649116720864,NA,-0.911191640808974,-1.63274058119446,-1.00040741741824,"Llama"
2.05503502715571,0.842172611812929,-1.09314074879997,-1.86934865361104,0.14308291182284,-0.85320158640784,-0.467355381515586,0.388171879356066,-0.758856659779542,1.86266218077612,2.33510934307451,-1.55364506098864,0.299462782544643,-1.74981891245949,1.08811217852897,1.60085413154181,0.975097106713599,0.292420965093365,0.977617834664243,1.72777412711087,0.19694122305418,-0.46450280680642,1.40207998222152,-0.250544919212849,1.17582168546857,0.788058684949714,1.89396070302629,NA,0.00876145808470164,-2.87295909027595,-1.49379335593894,"Llama"
1.86827411298231,0.270743593642843,-0.778685769729936,-1.48842201243846,-1.2995006866416,-0.85320158640784,-0.467355381515586,0.204088660959074,-0.500277396957995,1.59495836788181,1.9690320362177,-1.42435993718854,0.149735822756647,-2.00048448096979,1.08811217852897,1.33029588248206,0.937230622457926,0.331234193443758,0.843358963920987,1.3292395193178,0.270401598689161,-0.350666931665873,1.20772958822607,-0.240652385358212,0.637947786250496,0.740320590442927,1.53655436222347,NA,0.560733317420907,-2.87295909027595,-1.12022807876013,"Llama"
2.07645995319327,0.552122638108253,-0.886131156341888,-1.21133310182535,-0.168916062834743,-0.85320158640784,-0.467355381515586,0.412956785367644,-0.417513742544732,1.84505195647962,2.29296675655572,-1.77140647640792,0.336894522491643,-2.1225230107075,1.3218531945525,1.66614007860668,0.892045900571494,0.117421676232149,1.15804993103228,1.41988412265254,0.623944372407268,-0.618924487859801,1.35569380177372,-0.354579870792853,1.02066021574268,0.735312841476462,1.58434008562289,NA,0.560733317420907,-3.19269507391733,-1.67319937396514,"Llama"
1.73229020245617,0.264861981949901,-1.73920261625225,-1.56350252059755,0.93990617914941,-0.85320158640784,0.77892563585931,1.12806840578999,-0.188583828980691,1.93449534117834,2.136936448411,-1.19765716160147,0.307192793936619,-2.35125985531259,1.42113326361214,1.00143779089377,1.35890820705857,0.0424879854974732,0.882767076227065,1.05314092608796,0.493836719964462,0.348360350608535,1.19734107104798,-0.440753914283455,0.128540170364225,1.18709768750516,2.01983858656223,NA,0.744723937199642,-2.66914371650794,-1.05926227732767,"Llama"
1.81371122014764,-0.181983011110716,-1.29843864013428,-1.62445027644819,-1.0523850344335,-0.85320158640784,0.77892563585931,1.34972906486838,-0.0594321188406222,2.01079867802989,2.34581674256361,-1.33033439260665,0.408355116935914,-2.16396202565042,1.40888442392296,1.10601039313454,1.08176584539261,0.376272395068341,0.874730532439832,1.11890374769702,0.442376531349052,-0.0705229135876165,1.33153065762839,-0.0185011011794999,0.645255553858662,0.947977053306141,2.11149841518546,NA,1.11270517675711,-2.7559876789686,-1.36968174760088,"Llama"
1.12561954165581,-0.226680776317453,-1.08360284032366,-0.110020603825331,-0.421291758177248,-0.85320158640784,-1.09049589020303,0.272961235912005,-0.601535752026607,0.532273948444037,0.867653319313245,-1.15393546620265,1.11978503495888,-0.51353293325293,1.15707406694442,0.685387856556822,-1.58279719124279,0.16427495233362,1.77237017587504,2.11140948988371,0.993384768812464,-1.83202053271596,0.392026536017266,0.29536321610337,1.97012448346628,-1.59119361996852,-1.05343072086105,NA,0.376742697642172,0.736036892742611,-1.75134050898916,"Llama"
1.08445185636145,-0.212166410326485,-1.21617903436501,0.250070032140826,-1.21817513542277,-0.85320158640784,-1.09049589020303,0.261935740375641,-0.565665256522064,0.57583764569104,0.908670181873824,-1.24826468235737,1.01391748763404,-0.616716248535197,1.11994074241303,0.708988988017049,-1.57415876112108,0.219576177070441,1.72890032925447,1.97718057278462,1.02040609184308,-1.72651008941547,0.336772397040004,0.336727455876211,1.99138114617651,-1.58502589117408,-0.995187807976124,NA,0.376742697642172,0.736036892742611,-1.75643407763363,"Llama"
1.02949826027721,-0.204878476555596,-1.06756227169153,-0.0977527946784673,-0.94509163222365,-0.85320158640784,-1.09049589020303,0.284745026668245,-0.70838099552613,0.497873475960103,0.861002938801881,-1.17509077763151,1.06049920845697,-0.502097847176182,1.10137408014733,0.6971572862296,-1.57848937252774,0.0741053143359186,1.71290600162665,1.96547769599268,1.00685978214435,-1.80811827803451,0.340720793866024,0.223081192870196,1.99850134860023,-1.58295992822826,-1.10299384605833,NA,0.560733317420907,0.736036892742611,-1.74931678334255,"Llama"
0.990381010212211,-1.26520116019782,-1.22315811551732,-0.2328473960109,-0.811139406800069,-0.85320158640784,1.40206614454676,1.25695372837261,0.0347449810389244,0.771873173210897,0.76951240483817,-0.666065843190015,0.898733596144604,-0.765339633025261,1.09766074769419,0.0198073130207352,-0.581743765742301,0.535314813208292,0.995839378349782,0.923591181600918,0.721914732783978,-0.294746258413833,0.890536525171686,0.366568255248138,0.000678820182362285,-0.6353705625725,0.377663833062757,NA,-0.359219781472769,-0.0717798246998756,-0.965920026730307,"Llama"
-0.310489909869286,0.109680359096575,-0.670513515137132,1.0469207359541,0.408756627125842,0.599564673933985,0.155785127171862,0.887576680473812,0.155614225869575,-0.114293148231444,-0.69472729941292,-0.953576657693348,0.429528626400886,1.08621550591237,-0.151875622787325,0.444073532993858,1.52050937332342,-1.4305433077647,0.367876144881575,-0.858422007154749,1.01437667155439,-0.750895191110674,0.683061087805234,-1.97308899810996,-0.780261310769328,1.33092439866641,-0.318447870152602,NA,1.29669579653585,0.114886986501946,0.36948542255256,"Llama"
0.522209416054419,-0.256153897318641,-0.934573606247939,1.15334068722624,0.386779408244574,-0.85320158640784,0.77892563585931,0.614588800732405,0.165359732154412,1.19985098855896,0.359360724899855,-0.660917125843413,0.773598155206636,-0.614754652662362,0.915707457490341,2.13563343253969,0.195982346414601,-0.0830250331031637,1.04358023740302,-0.823321837681708,1.87293628223529,-0.495747561632147,0.410003014039942,0.0247898023721676,-0.167477705419226,0.242207541433142,0.129795571487799,NA,0.00876145808470164,-1.25549665701068,-0.494135097989631,"Llama"
0.874614670232539,0.283190874040841,-0.879018574411237,1.56177110460861,-0.162240500357492,1.123598217843,-0.467355381515586,-0.763889128493349,-1.36346656627957,0.440119291819477,0.0563449103191044,-0.431601176329365,0.0125733630907205,0.112790932383454,-0.0626128234330056,0.590107360831389,-0.81355552357468,0.596788422534813,1.35557906872691,0.462657054296434,1.47794350338395,-1.49990169037756,1.79886420012036,0.304398108841174,0.143104452006838,-0.894393027281672,0.215487901340853,NA,-0.175229161694034,0.736036892742611,-1.00949157526552,"Llama"
1.00391057203245,-0.272313277398083,-0.862078946914567,2.31854226444007,-0.0695888530282955,1.52362694903064,-0.467355381515586,0.627378619328087,-1.36446907532772,0.785527363779721,0.321324079322505,-1.01403862624264,1.1070809292799,0.229056869228665,0.781614896682518,1.24439061474905,-0.547710005481634,0.627116597305446,1.25361749464419,-0.789788920357825,2.12571269906815,-1.27073897081779,1.7574705486606,0.591419628859547,-0.220388062406895,-0.571288964807182,0.550045517481654,NA,0.192752077863437,0.736036892742611,-1.36770656930646,"Llama"
0.909509392100311,0.180729362516081,-0.330714126688021,1.3199395631777,0.205491447445621,1.42108272870356,-0.467355381515586,0.713642168871935,-1.19710602071184,0.954731502678223,0.143801520340064,-0.38279527784124,1.8787377186699,0.295945919403046,1.37987401413281,1.21930627657101,-0.620028542556612,0.600066869807543,1.61980528476235,-0.474307742909411,2.40621931075554,-1.23050929357832,1.84111688761508,0.34253922358187,-0.0569051660945996,-0.694679054666863,0.520062330297595,NA,-0.911191640808974,0.736036892742611,-1.52565455720067,"Llama"
0.0997061970497436,0.656596197357846,-0.54373998832383,0.33999373617858,-0.29863677217187,-0.85320158640784,0.155785127171862,-0.185132615914285,-2.17981127547511,-0.474774539809656,-0.566314797556351,0.887996848493285,0.0272319465664664,0.235973253661052,-0.105458967123079,0.844592114525063,0.179829348966278,1.56826574751771,-1.25497756086026,-0.849553247916088,-1.10571598767128,-0.960586486983754,0.930822800931926,1.63201907847719,0.493697424935749,0.177358556631013,1.32457072732383,NA,1.11270517675711,-0.00638513804981472,-0.0214717952484689,"Mistral"
-0.00947846576566956,0.131177237054272,-0.950424416628396,0.92412848448624,-0.154198287294346,-0.272095082271112,0.77892563585931,-0.228756337932673,-1.98488138922544,-0.0110091481363208,-0.206479844594338,0.705864264821408,-0.125217321581313,-0.0038185643188178,-0.124025629388778,0.73459644538337,0.0769417782628299,1.16862791817692,-1.34047679088326,-1.20703246645903,-0.994311198919353,-0.878863109019234,1.06999357174003,1.17320290323872,0.979829348926607,0.063657390884439,1.4162766485588,NA,0.928714556978377,-0.00756545924346484,-0.0963715060577937,"Mistral"
0.00399628417317341,0.398226780894679,-0.0631358717480238,0.831937456570309,-0.599352961998847,-0.271178510498025,0.155785127171862,-0.108870750644363,-2.35712276998131,-0.0342105505893004,-0.152124473226926,0.75501786401318,-0.683788161595891,-0.240616866207877,-0.48278145832921,0.208400947056889,-0.00678954804538226,1.50545980236605,-1.06446576303124,-0.660078526976659,-0.975576459669779,-0.862968772948339,1.08077727181727,1.49011915352933,0.826516029655918,-0.0318743001860291,1.46626310457786,NA,1.29669579653585,-0.00638513804981472,-0.0214717952484689,"Mistral"
-0.495615863043379,1.11083094625686,0.90557342899786,-0.0844928185407052,0.715651781140861,-0.236140332015159,0.155785127171862,-0.135617010788986,1.51031713908494,0.0751002381933876,-0.0155116755266768,1.36144212740863,0.0118994052297664,0.737140802893026,-0.335941671111064,-0.863182590568467,-0.805889869444873,-0.114505092138136,-0.067084003306715,-0.0922188548327035,-0.0299317509999039,-0.0629060651323067,0.353420791904356,0.523151623729993,-1.49120528465825,-0.67035806944216,-0.542262861651949,NA,-1.64715411992391,0.474883414574426,0.12259085148553,"Mistral"
-0.548230825677619,-0.394057023245462,0.99049622997586,0.726821276999428,0.302367236841305,-0.85320158640784,2.64834716192165,-1.11186486250447,0.297843388431905,-0.142850343483489,-0.405165751322533,0.842303208919418,-0.526304086589161,0.596635744118586,-0.710201680920117,-0.451258925801436,-1.08346030781523,-0.166244831373758,-0.125197786819274,-1.22361655391721,0.599523807168192,-0.527144577931312,0.0288771671727567,0.319925937683105,-1.57072179953381,-0.99947951534302,-1.5440447376995,NA,-1.46316350014518,-0.158704148671465,-0.104193649207065,"Mistral"
-0.883181436018804,-1.3274257414087,0.538360946991141,-0.550515498419411,0.947386329194541,0.855143923438565,-1.09049589020303,-1.39621498186474,1.33343042962459,-0.266018928638384,-0.552304131194256,0.792128278286697,-1.13546989927076,1.0765016160376,-1.38898040201268,-1.51259577769562,-0.34318246877625,0.281712384639904,0.189509430580888,-0.0946135824405245,0.305899954014365,0.0850300581997137,-0.961386192507823,0.615313430654893,-1.31107150375301,-0.262677554613076,-1.27847892491,NA,-0.175229161694034,0.373458691657929,1.05330405205005,"Mistral"
-0.887617114729604,-0.888906192769901,0.0488364557629714,-1.29802350207733,-0.294838251879319,0.700493698336682,-1.09049589020303,-1.29088855261406,1.32162215884881,-1.05819582680311,-1.67068965233669,2.00538579947886,-1.29204056625086,1.49587383221451,-1.66934321181076,-0.844091396957075,-0.47374056038858,-0.483410280385888,-0.318696219964493,-1.32416107404981,0.410064319892865,-1.06946778340787,-1.07626011707185,0.0820352828928708,-0.0247315554937476,-0.317557623916992,-1.9806764574673,NA,-0.175229161694034,0.406420346301941,0.973694369302431,"Mistral"
-0.816363502929023,-0.368646586695201,0.290136875296743,-0.768545579572663,-0.48913029481127,0.616928414097436,-0.467355381515586,-1.34084943012458,1.74280738592116,-0.847077491778055,-1.09549535890701,2.15846373315201,-1.38668796326093,0.757382587708293,-1.46701419994097,-1.11468092354395,-0.851274969707989,0.34530666206208,-0.507090794269212,-1.59354880564175,0.332491682281439,-0.266416076065246,-1.24074009225947,1.14325267032345,-0.381492239328402,-0.698319695973647,-1.43318276330554,NA,0.560733317420907,0.42484202953621,0.625189192689129,"Mistral"
0.109832028412047,1.55215202495361,0.282806221825866,0.0458969468139597,0.928198118209204,-0.85320158640784,-0.467355381515586,-1.05096853392671,-0.23420308304017,1.08515719376133,0.990173150491872,-0.730155033305385,-0.515135642036209,-1.04042544584537,0.0230794639471413,0.65180818557001,0.19473532210706,-0.983956055410155,-0.385785741863226,0.292359167500249,-0.684897191997029,1.70121484220729,0.815364898466219,-1.36719905351936,-0.770388261536634,0.0943530336214361,1.05548825502686,NA,-0.727201021030239,-0.111292598922677,-0.149319290730162,"Mistral"
-0.128102829081339,-0.244417960561931,0.286542250295288,0.556998351924983,0.568784420057469,1.01990821119025,2.02520665323421,3.12304775565361,1.03930947823238,0.348750963028968,-0.348616016848201,2.51660728485595,2.39674014214622,1.07429410705779,1.43051036576653,-0.813404070929875,-0.770968556186863,-0.476217143010583,0.610037558341128,1.36377553072215,-0.0551398592281358,0.970285218115843,-0.0653399668879011,0.06286802700131,-1.32257377482563,-0.644661749142214,-0.328722427112305,NA,-0.543210401251504,0.53691987298982,-0.760260005156787,"Mistral"
-0.062466651034675,-0.157877349389778,0.0348413623178588,0.00661213338950652,0.593186777915862,1.12642625762019,3.2714876706091,3.36819974768752,1.55664114030857,0.417581404375749,-0.150662194941562,2.16549884017352,2.65163272498767,0.73471271540516,1.7854090057257,-0.679343785202378,-0.743417929948475,0.0458749181231847,0.538579032880341,1.22280066449784,-0.0603829391157699,1.52140985028157,-0.180157451269255,0.378889335863317,-1.58979201609964,-0.677244564625084,-0.0152838805614057,NA,-0.359219781472769,0.567850672174786,-0.943520016146416,"Mistral"
-0.34361351625629,1.13114436901904,0.0380249947372219,-0.201697102005571,1.87665629536305,0.805237200679011,0.77892563585931,0.854835301472424,1.35375350789856,0.241141942673421,0.418059609616178,0.137615436069835,0.554452332244204,-0.0932868994099882,0.479390894246426,-1.38246305679832,-1.42494951356413,1.49675767993003,0.626745752719452,0.652323728689667,0.410064319892865,0.765594468095251,-0.289475983792472,1.52671145700998,0.0193653977361355,-1.45861173328492,0.0618908221486441,NA,-1.27917288036644,0.736036892742611,0.859837307646861,"Mistral"
-1.22690637402493,2.42827219596242,0.648583705313935,-0.244003839336752,1.07969618643146,-0.110741566031938,0.155785127171862,1.33410894005954,0.651766798377039,-0.594989408819477,-0.195288431638197,0.256346672212786,0.532634411621604,0.669020453741881,0.088280117388559,-2.11288542570574,-1.66054306233826,1.12055118682765,-0.456556179743256,-0.207165780008087,-0.465766674840644,1.15636164088889,-0.340832266061417,1.16786272020005,0.992354459623687,-1.69227878057033,0.373797863142417,NA,-1.09518226058771,0.736036892742611,0.567902272718667,"Mistral"
-0.954493501446282,1.51157077633782,0.773471294143194,1.25997053978294,-0.444496975357177,-0.85320158640784,0.155785127171862,0.0101545571842049,1.20912615984511,-0.973961963079494,-0.346465974378562,1.2247339543542,-0.787948167834856,0.817408159286451,-1.03379208040801,-1.99223167511313,-1.82564854127755,2.3084551679903,-0.521683761429158,-0.285226175095268,-0.501973906693078,0.0188265996920127,0.151639486745948,2.44813964129886,2.02355974055553,-1.85890485377352,0.978950923137898,NA,-0.175229161694034,0.736036892742611,0.382736163652849,"Mistral"
0.838765621490273,-0.57520615452761,-0.123024235184261,0.0262531802951069,-1.76905462747537,1.21597204047155,-1.09049589020303,-0.016308553853268,0.984594430456661,0.682331733014829,0.296724338985435,0.573682885176673,0.694197494713001,0.212001693980614,0.451540900847878,-1.69191578942792,-0.901399044221194,-0.983956055410155,0.322679609387397,-0.34238750146735,0.633852074147733,0.702280779688491,0.455105169157745,-0.892820965422663,0.786348267017277,-0.87602065355134,0.23256223365915,NA,-2.19912597926012,0.44075540322297,0.0466917390939008,"Mistral"
-0.259064264521288,1.71753910110334,1.14622027277151,-1.01593314690568,1.08712371078935,0.827903790024159,0.77892563585931,0.142472348669317,1.16770745701274,1.16404754078158,0.66327215272567,-0.104760052884051,-2.00013158470435,0.0848330291011499,-1.70683358753958,-1.11947469843743,-0.110295062116418,0.969409060307334,0.440757167929167,2.12702483981651,-0.751428686505234,0.642543859006306,0.876965913501276,0.754637852391122,-0.879765267782699,-0.180694853274207,1.17190218000083,NA,0.00876145808470164,0.736036892742611,0.191257988209024,"Mistral"
-1.2279004032976,1.19955304776599,1.4226255269878,-0.465923268413605,-0.870263653365098,-0.85320158640784,-0.467355381515586,-0.716516287801076,0.0632575864418918,-0.872939118563011,-0.768578294634355,0.0895345390264587,-0.505026274121901,1.23098390432605,-0.950562215079013,-0.866130002915489,-0.607734391253866,-0.305474776891517,-1.41219489501439,-0.68551261967023,-1.41281208298088,0.936113792125089,-0.960866564634579,-0.185857399056069,0.828291738675003,-0.579037357914134,-0.363750106222094,NA,0.744723937199642,0.736036892742611,0.366356024750575,"Mistral"
-1.19859625685,0.556747654626605,1.53438884499607,-0.820338667715607,-0.401333194266897,-0.85320158640784,-0.467355381515586,-0.487635527332783,-0.172713473827368,-0.83519214657771,-0.776740100045634,0.05460753857725,-0.364843039043482,1.21929698724266,-0.835320863085022,-0.634038191969836,-0.729291972495337,0.100743226659728,-1.42177114074119,-0.691324741347899,-1.42166727380381,0.769654265873923,-0.975481917448571,0.205720891860573,0.60799367799396,-0.715758698299828,-0.489241753969629,NA,0.744723937199642,0.736036892742611,0.31562483765835,"Mistral"
-0.954268008749277,1.27518500315082,1.66648172576073,-1.26947500608389,0.237422522737089,-0.85320158640784,0.155785127171862,0.043039911994798,-0.434806689298183,-0.725949740981018,-0.76009341936014,0.146882264256602,-0.172091090810659,1.45365052913585,-0.777700187088027,-0.654501956122645,-0.633217056657713,-0.257658232792868,-1.0675476526991,-0.312752206390687,-1.1960736176362,0.605694131908809,-0.658897231629545,-0.191586713758148,-0.343596227029184,-0.619517030931192,-0.847407469953037,NA,0.744723937199642,0.736036892742611,0.208654828463081,"Mistral"
-1.1700913835329,-0.24691947561684,1.82255573125488,-1.09108297823173,-0.809962856679114,-0.187131856937042,-1.09049589020303,-2.00819429649827,-0.23420308304017,-1.17752199000626,-0.986644306534926,0.559885658526068,-1.35177823439396,1.96458905728402,-1.88426499709484,-1.43367938712881,-0.333576187788052,-0.138548660737099,-1.26755938735194,-1.0563890499493,-0.993193425119166,0.38823041004429,-0.675036377991881,-0.0185011011794999,-0.614238193409027,-0.299245388889541,-0.832399610007643,NA,-0.543210401251504,0.736036892742611,0.484117483616526,"Mistral"
-1.08759025439882,0.963023276920056,0.742296441482148,0.21134547044078,-0.922775162475744,-0.85320158640784,-1.09049589020303,-0.929789684753508,0.0816449956164706,-0.635117925389163,-0.82448164461452,-0.110080225629493,-0.716865671773885,0.9346066283625,-1.00063732636212,-0.767181159836898,-0.636272062191685,-0.117734664020927,-1.41027208069795,-1.03254856217022,-1.19400617739645,0.363470341286415,-0.962471784497783,0.130094235916001,0.841355075726244,-0.581277136000207,-0.61907415142592,NA,0.560733317420907,0.736036892742611,0.528939932800003,"Mistral"
-0.842202275819027,0.138277123352227,1.76999404996199,-0.000756271982663198,-1.50219124751149,-0.85320158640784,-0.467355381515586,-1.0989165393491,-0.914636827289775,-0.702382426442421,-0.783600630753354,0.256346672212786,-2.05370056365072,0.99558579619542,-2.08837849709968,-0.250582156494409,-0.0684428325137816,-0.586303419363067,-0.472473738258489,-0.115166592431122,-0.543848357444155,0.42628509967079,-0.587690252346209,-0.60898212667547,-1.3964735751782,-0.0583410061778263,-1.18694077229043,NA,-0.359219781472769,0.736036892742611,0.638118167287967,"Mistral"
-0.051911797093051,-0.801806206290341,-0.245685452982887,0.7503080286639,0.152216722414537,0.230506578428647,-0.467355381515586,-0.469580915288598,0.00869662185000038,1.32947880031718,0.672010361478719,-0.893408568229071,-0.103779143248031,-0.0832681702137894,-0.0706464753748942,0.71340747795664,1.27603374957724,-2.19678299972785,0.941117392733247,0.255796800354807,1.06683519014257,-1.30853207108138,1.69336761029099,-2.31700601100155,-0.810960161447804,1.32460217271562,0.0424297557735472,NA,-0.543210401251504,0.50471845584877,-0.836759405688237,"Mistral"
-0.2474076344427,-0.654102724100849,-0.130132528551794,0.731735095089598,-0.61251795648436,-0.00296511146124333,0.77892563585931,0.786750700991514,-0.428732151984632,0.733911491310064,0.525206209544051,-0.433722017480939,0.421059222614895,0.179476121096283,0.228740953659496,-0.891426489754711,-0.592945774469403,0.577858953064448,0.336980928589661,0.145171534116458,0.34860087418816,0.454870366529767,0.608654992389204,1.17084432239664,-1.92183760463486,-0.471590225840596,0.349328662005077,NA,-0.727201021030239,0.375137294440726,-1.47908587264346,"Mistral"
-0.308433820770218,-0.672665035429433,-0.186241434395515,0.893430421619276,-0.0980566086704746,0.659104274767668,0.77892563585931,1.23950060029988,-0.589491685574087,0.680570457694755,0.435583259701611,-0.542555422692175,0.505753260474775,0.41647662675997,0.203985403971898,-0.52180322268231,-0.70152809450683,0.590520987825335,0.175042190426478,-0.0447104007934853,0.255945614578803,0.289550044373014,0.560773864714879,1.21089672056741,-1.35290902706003,-0.581954230205029,0.371575222244308,NA,-0.175229161694034,0.228191203926967,-1.53157779348177,"Mistral"
-0.90607774289016,1.25597341782346,0.512539579384847,2.0427446019044,0.133606537290413,0.568773866874718,-0.467355381515586,-0.624132984209335,-2.32676593823706,-1.87060811266053,-0.391525601615421,0.134104317802572,-0.280207410864889,0.220924959386949,-0.350538909030301,2.08994100529192,1.07804852157804,-1.64036046936952,-0.665949993469998,0.856822468277664,-1.40176746781482,-1.64686859777819,-0.202545207552471,-1.16441277579831,-0.744286930500641,1.3852027755294,-1.34969398882925,NA,-0.175229161694034,0.432712716737903,1.17244200000852,"GPT"
0.394364440290201,-2.38672515964158,1.13173468027966,-0.144835454218066,0.12777560282088,-0.85320158640784,2.02520665323421,1.4588648270738,1.30043858250149,1.57926702538534,1.25664429662209,-0.394671668769966,1.47715705123285,-1.21594536996783,1.83193187799329,-0.605458319536404,-0.126989499869811,1.22878845162607,0.184106253433614,0.117178187175858,0.166854126136613,0.366291329719853,1.86942671128831,0.591419628859547,-0.0579185958504599,-0.308429766025223,2.09108712927446,NA,-0.543210401251504,0.736036892742611,-0.993973778943921,"Llama"
0.654163623369179,-0.799436376207984,0.551100916541251,-1.05909743577294,-0.463561579072052,-0.85320158640784,2.02520665323421,1.4643559082568,1.44109174404675,0.914739149346324,0.882593210096336,-0.0950659126129947,1.66288555273535,-1.28244003670143,2.02970719343225,-0.44776502826681,0.0122499277870825,1.95097354618408,-0.213831418673873,0.145171534116458,-0.369103053348317,0.656980281504499,0.987847740564379,1.04843065474796,0.64604396934991,-0.242580627825727,2.04151419955638,NA,-0.175229161694034,0.474445237597688,-1.03930286397978,"Llama"
0.02521972504794,-0.494945421907766,0.455729931778478,3.29318442736901,-0.57541244979903,-0.136691624996532,-0.467355381515586,1.02575449093513,-0.894302940305119,-0.860268030377468,-0.603968463404481,0.00701107631258857,2.54082999876497,0.99773615017287,1.56554063678979,2.27846423012214,-0.261117382619928,-1.04365292281673,0.679442518410032,-0.747416328332389,1.35115747855433,-1.57840804519487,0.876604734911494,-1.14496707489982,-0.0480813949629649,-0.269391077387135,-1.0946996911495,NA,0.00876145808470164,0.736036892742611,-1.09947445225019,"Llama"
-0.747345298557479,0.0881834811388786,0.507934902065582,-1.04825215085628,1.13949418270656,0.593867551344412,0.155785127171862,-0.683724387111648,0.713239512357366,0.113805018911609,0.751861164565715,-1.10957876619699,0.0166451918339841,0.112293902266311,-0.0590423114588333,-0.487623090172476,-0.140307813408392,-0.499748596134255,0.139073081819525,0.435511452199261,-0.0902344188246883,0.768923315219459,0.446878826711058,-0.637663054400957,-1.97974993287097,-0.168192676597132,-0.297735430428121,NA,1.66467703609332,0.736036892742611,-0.0850896877369669,"Mistral"
-1.39860730221377,0.0307076179677744,-0.27190355466762,0.803145803040014,-0.294838251879319,0.700493698336682,0.155785127171862,-0.584260737050377,-1.50807349821121,-0.690820342215792,-0.0753689236134316,0.256346672212786,0.206244344770298,0.223953326299919,0.0464500877780913,0.465281652286445,0.0671429620053589,-1.25615875270429,-0.241200976301875,-0.794938367305361,0.181186155411535,0.286201784683765,0.594848859834393,-1.37841477231539,-0.294113702693008,0.0621480595228956,-0.0044678998310588,NA,0.00876145808470164,0.402898802002453,0.825823514748318,"Mistral"
-0.00801885047433845,2.83783426220044,-1.23310293357934,2.05651335243803,-0.267057983741352,3.5501710881366,0.155785127171862,-1.93498901636851,0.309565570056259,-0.0678867548012882,-0.208469527157941,-0.672832023300179,-1.06416622312786,0.850610942158135,-1.24477687888185,0.810371239680981,1.07380801885624,-1.16407289308635,0.249808887544476,-0.86146922186752,0.862435280279492,-1.01613464225077,0.911529495577432,-0.96017787684648,-1.78590113542793,1.22921327406062,-0.286364888130202,NA,-0.359219781472769,0.362155294501874,0.7791020135627,"Mistral"
