CERF.A1,CERF.A2,CERF.B1,CERF.B2,CERF.C1,CERF.C2,Dependency trees.longest_distance,Dependency trees.average_distance_all,freq.ratio_in_first_10,freq.ratio_in_first_100,freq.ratio_in_first_1000,freq.ratio_in_further,lengths.avg_sentence_length_without_spaces,lengths.avg_word_length_with_spaces,lengths.avg_words_per_sentence,Ratios.ratio_adverbs,Ratios.ratio_pronouns,Ratios.ratio_determiners,Ratios.ratio_conjunctions,Ratios.ratio_subconjunctions,Ratios.ratio_coconjunctions,relfreq func.ADP,relfreq func.AUX,relfreq func.DET,relfreq func.PART,relfreq func.PRON,relfreq func.OVERALL,relfreq func.INTJ,sentiment.sentiment,sentiment.formality,TTR.ttr,author,dummy
0.7092819614711033,0.08581436077057793,0.0647985989492119,0.05779334500875657,0.04728546409807355,0.00350262697022767,9,2.7143079956893197,0.22419928825622776,0.405693950177936,0.5569395017793595,0.2526690391459075,100.86206896551724,5.204626334519573,19.379310344827587,0.13043478260869565,0.1137123745819398,0.2508361204013378,0.13377926421404682,0.05016722408026756,0.08361204013377926,0.09174311926605504,0.04128440366972477,0.1146788990825688,0.02446483180428134,0.05198776758409786,0.3241590214067278,NA,16,0.99644128113879,0.5640569395017794,GPT,1
0.6610169491525424,0.10323574730354391,0.1140215716486903,0.05546995377503852,0.06009244992295839,0,11,2.7948495082980496,0.2204968944099379,0.38354037267080743,0.5046583850931677,0.29037267080745344,104.78787878787878,5.369565217391305,19.515151515151516,0.09248554913294796,0.10982658959537572,0.23410404624277456,0.1213872832369942,0.04335260115606936,0.07803468208092486,0.10483870967741936,0.0282258064516129,0.10887096774193548,0.02419354838709677,0.0510752688172043,0.3172043010752688,NA,15,1,0.5605590062111802,GPT,1
0.6727574750830565,0.11627906976744186,0.10132890365448503,0.07475083056478406,0.03820598006644518,0.00664451827242524,11,2.695806445684702,0.21702838063439064,0.3906510851419032,0.5141903171953256,0.2704507512520868,101.03125,5.397328881469115,18.71875,0.13069908814589665,0.09422492401215804,0.26443768996960487,0.1094224924012158,0.0243161094224924,0.0851063829787234,0.08166189111747851,0.03724928366762178,0.12464183381088824,0.0329512893982808,0.04441260744985673,0.3209169054441261,NA,15,0.996661101836394,0.5876460767946577,GPT,1
0.6855072463768116,0.11739130434782608,0.1072463768115942,0.04492753623188406,0.04492753623188406,0,13,2.5542418093599997,0.2222222222222222,0.3976608187134502,0.5321637426900585,0.25146198830409355,97.51351351351352,5.2748538011695905,18.486486486486488,0.08423913043478261,0.1331521739130435,0.2391304347826087,0.1331521739130435,0.02717391304347826,0.10597826086956522,0.07911001236093942,0.03090234857849196,0.10877626699629173,0.02966625463535228,0.06056860321384425,0.30902348578491967,NA,24,0.994152046783626,0.5511695906432749,GPT,1
0.6425339366515838,0.1297134238310709,0.11463046757164404,0.04524886877828054,0.0588235294117647,0,12,2.8329331633026085,0.22340425531914893,0.3905775075987842,0.5273556231003039,0.2796352583586626,110.53125,5.375379939209727,20.5625,0.09269662921348316,0.11235955056179776,0.2303370786516854,0.12921348314606745,0.02528089887640449,0.10393258426966293,0.09102902374670184,0.02770448548812664,0.10817941952506596,0.03562005277044855,0.05277044854881266,0.3153034300791557,NA,21,0.998480243161094,0.5486322188449848,GPT,1
0.6406869220607662,0.11228533685601055,0.09247027741083225,0.04623513870541611,0.04359313077939233,0.00132100396301188,11,2.5633638195349056,0.20533333333333337,0.3893333333333333,0.5293333333333333,0.26266666666666666,95.3095238095238,5.3373333333333335,17.857142857142858,0.10075566750629723,0.12342569269521413,0.24937027707808565,0.16120906801007556,0.06297229219143577,0.0982367758186398,0.08117249154453213,0.04058624577226606,0.11161217587373168,0.02705749718151071,0.0552423900789177,0.3156708004509583,NA,27,0.996,0.5413333333333333,GPT,1
0.6495412844036698,0.11192660550458716,0.12110091743119268,0.04954128440366973,0.03853211009174312,0.0036697247706422,10,2.801770301856326,0.21787709497206703,0.4003724394785847,0.521415270018622,0.24394785847299813,108.11111111111111,5.435754189944134,19.88888888888889,0.09666666666666666,0.08666666666666667,0.23,0.11333333333333331,0.02666666666666667,0.08666666666666667,0.09508716323296355,0.02852614896988906,0.10935023771790808,0.02694136291600634,0.04120443740095087,0.3011093502377179,NA,13,0.994413407821229,0.595903165735568,GPT,1
0.6513274336283186,0.11327433628318584,0.1079646017699115,0.04778761061946902,0.04601769911504425,0.00353982300884955,10,2.9382137902790673,0.24865831842576028,0.41323792486583183,0.5295169946332737,0.24329159212880144,109.8148148148148,5.304114490161002,20.703703703703702,0.05980066445182724,0.10299003322259136,0.25249169435215946,0.12292358803986712,0.02990033222591362,0.09302325581395347,0.09770992366412214,0.03358778625954199,0.11603053435114503,0.02442748091603053,0.04732824427480916,0.3190839694656489,NA,7,0.996422182468694,0.5849731663685152,GPT,1
0.6992337164750958,0.10727969348659004,0.1053639846743295,0.03639846743295019,0.04597701149425287,0.0057471264367816,10,2.801795540681366,0.23883495145631067,0.4233009708737864,0.5436893203883495,0.2407766990291262,112.08333333333331,5.223300970873787,21.458333333333332,0.08088235294117647,0.11397058823529412,0.2352941176470588,0.15073529411764705,0.03676470588235294,0.11397058823529412,0.09197324414715718,0.03846153846153846,0.10702341137123746,0.03511705685618729,0.05183946488294314,0.32608695652173914,0.00167224080267558,3,0.998058252427184,0.5805825242718446,GPT,1
0.7282282282282282,0.08408408408408409,0.12012012012012012,0.03603603603603603,0.04504504504504504,0.0015015015015015,13,2.9488301127809273,0.2606060606060606,0.4348484848484849,0.5696969696969697,0.24242424242424243,118,5.006060606060606,23.571428571428573,0.11046511627906976,0.10174418604651164,0.27906976744186046,0.13662790697674418,0.0436046511627907,0.09302325581395347,0.09354413702239787,0.04347826086956521,0.12648221343873517,0.01844532279314888,0.0461133069828722,0.32806324110671936,NA,20,0.995454545454545,0.5257575757575758,GPT,1
0.7337770382695508,0.10149750415973376,0.08485856905158069,0.04159733777038269,0.04658901830282862,0.0016638935108153,12,2.8191650278100275,0.2842809364548495,0.4180602006688963,0.5468227424749164,0.2240802675585284,101.7,5.10200668896321,19.933333333333337,0.10610932475884244,0.09003215434083602,0.2733118971061093,0.10610932475884244,0.02572347266881029,0.08038585209003216,0.10556348074179744,0.0456490727532097,0.12125534950071326,0.02282453637660485,0.03994293865905848,0.33523537803138376,NA,-1,0.998327759197324,0.5585284280936454,GPT,1
0.7327433628318584,0.1079646017699115,0.12389380530973453,0.03893805309734513,0.05132743362831858,0,9,2.7513893478983285,0.26334519572953735,0.42704626334519574,0.5498220640569395,0.22953736654804271,105.66666666666669,5.076512455516014,20.814814814814813,0.1152542372881356,0.09830508474576272,0.2745762711864407,0.13559322033898305,0.02372881355932203,0.11186440677966102,0.0931297709923664,0.04274809160305343,0.12366412213740458,0.02442748091603053,0.04427480916030534,0.3282442748091603,NA,20,0.994661921708185,0.5836298932384342,GPT,1
0.6102003642987249,0.07285974499089254,0.09107468123861566,0.05100182149362477,0.06193078324225865,0,12,2.886803344313518,0.22344322344322343,0.3772893772893773,0.5494505494505495,0.25824175824175827,115.84615384615384,5.516483516483516,21,0.099009900990099,0.11551155115511552,0.1848184818481848,0.08250825082508251,0.0264026402640264,0.0561056105610561,0.12218649517684887,0.01607717041800643,0.09003215434083602,0.02733118971061093,0.05627009646302251,0.31189710610932475,NA,2,0.990842490842491,0.5695970695970696,GPT,1
0.584870848708487,0.1088560885608856,0.11992619926199262,0.04243542435424354,0.04243542435424354,0.0018450184501845,11,3.0101000245884055,0.24022346368715083,0.39664804469273746,0.5418994413407822,0.26256983240223464,118.24,5.504655493482309,21.48,0.0859106529209622,0.09621993127147768,0.21993127147766325,0.1099656357388316,0.04123711340206185,0.06872852233676977,0.1211631663974152,0.02261712439418416,0.10339256865912765,0.02746365105008077,0.04523424878836833,0.3198707592891761,NA,-3,0.992551210428305,0.5772811918063314,GPT,1
0.6542553191489362,0.07624113475177305,0.09929078014184398,0.05141843971631205,0.04078014184397163,0.00177304964539007,10,2.719721264871522,0.23801065719360567,0.4103019538188277,0.5577264653641207,0.26465364120781526,111.5925925925926,5.351687388987567,20.85185185185185,0.125,0.10135135135135136,0.20945945945945943,0.13851351351351351,0.04391891891891892,0.0945945945945946,0.11867088607594936,0.0300632911392405,0.0981012658227848,0.02531645569620253,0.04746835443037975,0.3212025316455696,0.00158227848101265,4,0.992895204262877,0.5630550621669627,GPT,1
0.6464471403812825,0.07279029462738301,0.11265164644714036,0.05892547660311958,0.04506065857885615,0.00173310225303292,9,2.706571123902042,0.24083769633507857,0.3944153577661431,0.5636998254799301,0.2617801047120419,114.44444444444444,5.392670157068062,21.22222222222222,0.11949685534591196,0.10062893081761008,0.18238993710691823,0.11635220125786164,0.04088050314465408,0.07547169811320754,0.11864406779661016,0.02927580893682588,0.08936825885978428,0.02157164869029276,0.04930662557781202,0.3081664098613251,NA,16,0.99825479930192,0.5584642233856894,GPT,1
0.6301824212271974,0.087893864013267,0.1011608623548922,0.04975124378109453,0.05638474295190713,0.00165837479270315,10,2.950025043583452,0.25,0.3859060402684564,0.5385906040268457,0.2802013422818792,121.8148148148148,5.518456375838926,22.074074074074073,0.11377245508982035,0.08982035928143713,0.2005988023952096,0.11077844311377244,0.03293413173652695,0.07784431137724551,0.11224489795918367,0.02623906705539358,0.097667638483965,0.03206997084548105,0.04373177842565597,0.3119533527696793,NA,5,0.99496644295302,0.5671140939597316,GPT,1
0.6741573033707865,0.0754414125200642,0.12038523274478331,0.0449438202247191,0.03852327447833065,0,9,2.7981781266772052,0.2540453074433657,0.39158576051779936,0.5420711974110033,0.26375404530744334,118.06896551724138,5.540453074433657,21.310344827586206,0.06725146198830409,0.08771929824561403,0.22807017543859648,0.11988304093567252,0.03801169590643274,0.08187134502923976,0.10683760683760685,0.03418803418803419,0.1111111111111111,0.02136752136752136,0.04273504273504273,0.3162393162393162,NA,2,1,0.5566343042071198,GPT,1
0.5823293172690763,0.11646586345381528,0.10441767068273092,0.0642570281124498,0.03413654618473896,0.00200803212851405,12,2.741700135159402,0.20612244897959184,0.3653061224489796,0.5142857142857142,0.25510204081632654,111.56,5.691836734693878,19.64,0.09187279151943464,0.07420494699646643,0.176678445229682,0.10954063604240284,0.0353356890459364,0.07420494699646643,0.10189982728842832,0.02936096718480138,0.08635578583765112,0.03972366148531951,0.03626943005181347,0.29360967184801384,NA,10,0.997959183673469,0.610204081632653,GPT,1
0.620253164556962,0.10669077757685352,0.10488245931283906,0.05605786618444846,0.05605786618444846,0.00180831826401446,13,2.833326683689858,0.2281021897810219,0.38503649635036497,0.5346715328467153,0.2737226277372263,106.21428571428572,5.427007299270073,19.571428571428573,0.09539473684210528,0.10197368421052631,0.2138157894736842,0.13486842105263158,0.05263157894736842,0.08223684210526316,0.0914826498422713,0.02681388012618296,0.10252365930599368,0.04100946372239748,0.04889589905362776,0.3107255520504732,NA,11,0.994525547445255,0.5693430656934306,GPT,1
0.6299810246679317,0.11005692599620494,0.08349146110056926,0.03984819734345351,0.04554079696394687,0.00189753320683111,11,2.769642001569283,0.22840690978886757,0.3838771593090211,0.508637236084453,0.2821497120921305,114.76,5.506717850287908,20.8,0.08304498269896193,0.06228373702422145,0.21453287197231835,0.1245674740484429,0.03460207612456748,0.08996539792387544,0.10620915032679738,0.0326797385620915,0.10130718954248366,0.03758169934640523,0.02941176470588235,0.30718954248366015,NA,19,0.996153846153846,0.5834932821497121,GPT,1
0.5944954128440367,0.08623853211009175,0.09174311926605504,0.05871559633027523,0.03119266055045871,0,9,2.68224127283153,0.22077922077922077,0.3803339517625232,0.5194805194805194,0.2653061224489796,106.75,5.545454545454546,19.25,0.08361204013377926,0.0802675585284281,0.20066889632107024,0.12040133779264214,0.03678929765886288,0.08361204013377926,0.10383386581469647,0.02715654952076677,0.09584664536741214,0.03833865814696485,0.03833865814696485,0.3035143769968051,NA,0,0.996289424860853,0.6029684601113172,GPT,1
0.6115107913669064,0.1474820143884892,0.10071942446043164,0.05215827338129496,0.02338129496402877,0.00179856115107913,10,2.9442140528152563,0.23669724770642203,0.3798165137614679,0.5174311926605505,0.25871559633027524,122.24,5.607339449541285,21.8,0.0974025974025974,0.07792207792207792,0.21103896103896105,0.1331168831168831,0.03896103896103896,0.09415584415584416,0.1021341463414634,0.0274390243902439,0.09908536585365854,0.03201219512195122,0.03658536585365853,0.2972560975609756,NA,3,0.992660550458716,0.6036697247706422,GPT,1
0.6697588126159555,0.12987012987012986,0.11688311688311688,0.05194805194805195,0.04823747680890538,0,13,3.001915704125603,0.24763705103969755,0.389413988657845,0.5160680529300568,0.2835538752362949,113.1923076923077,5.5633270321361055,20.346153846153847,0.0706713780918728,0.08833922261484099,0.21908127208480568,0.1236749116607774,0.0353356890459364,0.08833922261484099,0.11746031746031746,0.02857142857142857,0.0984126984126984,0.03968253968253968,0.03968253968253968,0.3238095238095238,NA,12,0.992438563327032,0.5746691871455577,GPT,1
0.6750972762645915,0.10116731517509728,0.11673151750972764,0.03501945525291829,0.03696498054474708,0.00778210116731517,9,2.836161201821728,0.2554027504911591,0.41453831041257366,0.5108055009823183,0.2337917485265226,105.92,5.202357563850688,20.32,0.11983471074380166,0.11983471074380166,0.2396694214876033,0.16115702479338842,0.0371900826446281,0.12396694214876032,0.10927152317880796,0.04635761589403973,0.09602649006622516,0.02649006622516556,0.04801324503311258,0.326158940397351,NA,6,1,0.5697445972495089,GPT,1
0.6197916666666666,0.09027777777777778,0.11284722222222222,0.05555555555555555,0.02951388888888888,0.00173611111111111,10,2.875063547621307,0.2425828970331588,0.3979057591623037,0.5113438045375218,0.2600349040139616,103.27586206896552,5.226876090750436,19.75862068965517,0.08013937282229965,0.12195121951219512,0.22996515679442509,0.1289198606271777,0.01393728222996515,0.11498257839721254,0.1042296072507553,0.03927492447129909,0.09969788519637462,0.03172205438066465,0.05287009063444108,0.32779456193353473,NA,6,0.996509598603839,0.5462478184991274,GPT,1
0.6501706484641638,0.07849829351535836,0.11092150170648464,0.04436860068259386,0.03242320819112627,0,12,3.085474558722451,0.25601374570446733,0.39862542955326463,0.5,0.24742268041237112,105.89655172413794,5.276632302405498,20.06896551724138,0.0944055944055944,0.1153846153846154,0.2517482517482518,0.12237762237762238,0.01748251748251748,0.1048951048951049,0.1089837997054492,0.03387334315169366,0.10603829160530193,0.02503681885125184,0.04860088365243004,0.3225331369661267,NA,0,0.998281786941581,0.5532646048109966,GPT,1
0.6320272572402045,0.07155025553662692,0.1362862010221465,0.05281090289608177,0.03577512776831346,0,8,2.778185435523156,0.22852233676975944,0.38316151202749144,0.4896907216494845,0.24398625429553264,94.57575757575758,5.36254295532646,17.636363636363637,0.08934707903780069,0.10652920962199312,0.25773195876288657,0.1134020618556701,0.02061855670103092,0.09278350515463918,0.09461426491994178,0.04657933042212518,0.1091703056768559,0.03347889374090247,0.04512372634643377,0.3289665211062591,NA,-1,0.998281786941581,0.5876288659793815,GPT,1
0.6712095400340715,0.07325383304940375,0.11584327086882454,0.04258943781942078,0.03747870528109029,0.00170357751277683,10,2.750579828221124,0.25301204819277107,0.3993115318416523,0.5094664371772806,0.24784853700516352,103.23333333333332,5.330464716006885,19.366666666666667,0.06529209621993128,0.10652920962199312,0.24054982817869416,0.14432989690721648,0.01374570446735395,0.13058419243986255,0.1130690161527166,0.03230543318649045,0.1027900146842878,0.02349486049926578,0.04552129221732746,0.31718061674008813,NA,5,1,0.5645438898450946,GPT,1
0.6437308868501529,0.08256880733944955,0.12996941896024464,0.03516819571865443,0.04128440366972477,0.00305810397553516,10,2.8825407569599992,0.2403697996918336,0.37750385208012327,0.4899845916795069,0.2542372881355932,103.29411764705884,5.411402157164869,19.08823529411765,0.08982035928143713,0.10179640718562874,0.26646706586826346,0.11676646706586828,0.01796407185628742,0.09880239520958084,0.1,0.03157894736842105,0.11710526315789474,0.02368421052631579,0.04473684210526316,0.3171052631578947,NA,-1,0.996918335901387,0.5608628659476117,GPT,1
0.6312849162011173,0.1005586592178771,0.09497206703910614,0.0633147113594041,0.05586592178770949,0.00558659217877095,9,2.6922485609457203,0.21161048689138576,0.40823970037453183,0.5318352059925093,0.2209737827715356,121.04166666666669,5.440074906367041,22.25,0.136986301369863,0.13013698630136986,0.2123287671232877,0.136986301369863,0.0273972602739726,0.1095890410958904,0.10048622366288491,0.03565640194489465,0.10048622366288491,0.01944894651539708,0.06158833063209076,0.31766612641815234,NA,4,0.99063670411985,0.5749063670411985,GPT,1
0.6486486486486487,0.0918918918918919,0.0972972972972973,0.05585585585585585,0.06846846846846846,0.009009009009009,13,2.819188217069867,0.2290909090909091,0.4236363636363637,0.5709090909090909,0.2290909090909091,112.42307692307692,5.3145454545454545,21.153846153846153,0.10273972602739724,0.16095890410958905,0.20205479452054795,0.13356164383561644,0.0410958904109589,0.09246575342465752,0.0992,0.0464,0.0944,0.0336,0.0752,0.3488,NA,5,0.994545454545455,0.5727272727272728,GPT,1
0.6418918918918919,0.08614864864864864,0.09966216216216216,0.06756756756756757,0.05405405405405406,0.01013513513513513,9,2.558593344682215,0.21052631578947367,0.4023769100169779,0.56027164685908315,0.20203735144312393,108.79310344827586,5.356536502546689,20.310344827586206,0.11041009463722395,0.15141955835962145,0.2018927444794953,0.13564668769716087,0.06309148264984227,0.07255520504731862,0.093841642228739,0.04838709677419355,0.093841642228739,0.02346041055718475,0.07038123167155426,0.3313782991202346,0.00146627565982404,11,0.99660441426146,0.601018675721562,GPT,1
0.6230366492146597,0.08376963350785341,0.09424083769633508,0.06108202443280977,0.06457242582897033,0.00523560209424083,10,2.652240869326522,0.22280701754385965,0.4263157894736842,0.5543859649122806,0.23157894736842105,102.48275862068964,5.2140350877192985,19.655172413793103,0.12745098039215683,0.15359477124183007,0.21241830065359477,0.1045751633986928,0.02941176470588235,0.07516339869281045,0.0953846153846154,0.0523076923076923,0.1,0.02923076923076923,0.07230769230769231,0.34923076923076923,NA,9,0.992982456140351,0.5543859649122806,GPT,1
0.6567425569176882,0.09807355516637478,0.09457092819614712,0.04903677758318739,0.05779334500875657,0.0052539404553415,9,2.628232396059272,0.215929203539823,0.3982300884955752,0.5539823008849557,0.2424778761061947,107.42857142857144,5.323893805309734,20.178571428571427,0.11217948717948718,0.17307692307692307,0.1955128205128205,0.1217948717948718,0.03525641025641025,0.08653846153846154,0.08588957055214724,0.03220858895705521,0.09355828220858896,0.02760736196319018,0.08282208588957055,0.3220858895705521,NA,17,0.998230088495575,0.5699115044247788,GPT,1
0.6278688524590164,0.09672131147540984,0.10327868852459016,0.06065573770491803,0.0540983606557377,0.00491803278688524,9,2.6653121296604665,0.21818181818181817,0.40826446280991735,0.5553719008264463,0.23636363636363636,112.72413793103448,5.403305785123967,20.86206896551724,0.10559006211180123,0.17080745341614906,0.2080745341614907,0.12422360248447203,0.03726708074534161,0.08695652173913043,0.0988538681948424,0.04584527220630372,0.09598853868194844,0.02292263610315186,0.07879656160458452,0.3424068767908309,NA,17,0.99504132231405,0.5421487603305785,GPT,1
0.8056426332288401,0.08463949843260188,0.08150470219435736,0.04858934169278996,0.03605015673981191,0,9,2.790825195559245,0.23322683706070288,0.43929712460063897,0.5830670926517572,0.23482428115015977,115.85714285714286,5.182108626198083,22.357142857142858,0.11411411411411412,0.05705705705705705,0.25225225225225223,0.21621621621621623,0.06006006006006006,0.15615615615615616,0.06882591093117409,0.06612685560053981,0.11336032388663968,0.04453441295546558,0.02564102564102564,0.3184885290148448,NA,13,1,0.3961661341853035,Llama,2
0.8056426332288401,0.08463949843260188,0.08150470219435736,0.04858934169278996,0.03605015673981191,0,9,2.790825195559245,0.23322683706070288,0.43929712460063897,0.5830670926517572,0.23482428115015977,115.85714285714286,5.182108626198083,22.357142857142858,0.11411411411411412,0.05705705705705705,0.25225225225225223,0.21621621621621623,0.06006006006006006,0.15615615615615616,0.06882591093117409,0.06612685560053981,0.11336032388663968,0.04453441295546558,0.02564102564102564,0.3184885290148448,NA,13,1,0.3961661341853035,Llama,2
0.8247863247863247,0.10113960113960116,0.07264957264957266,0.05413105413105413,0.02564102564102564,0.00142450142450142,9,2.7246543415499227,0.2217391304347826,0.4318840579710145,0.5855072463768116,0.24347826086956523,115.51612903225806,5.189855072463768,22.258064516129032,0.1347708894878706,0.04582210242587601,0.24258760107816713,0.215633423180593,0.07008086253369272,0.14555256064690028,0.06896551724137931,0.06280788177339902,0.11083743842364532,0.04679802955665024,0.020935960591133,0.3103448275862069,NA,13,1,0.3739130434782609,Llama,2
0.8089368258859785,0.08320493066255778,0.08012326656394453,0.05238828967642527,0.02619414483821263,0,12,2.8861635343018106,0.2307692307692308,0.4364207221350079,0.5871271585557299,0.2370486656200942,117.14285714285714,5.149136577708006,22.75,0.11504424778761062,0.05899705014749262,0.25073746312684364,0.2153392330383481,0.05899705014749262,0.15634218289085547,0.07047872340425532,0.06515957446808511,0.11303191489361702,0.0425531914893617,0.02659574468085106,0.3178191489361702,NA,12,1,0.3940345368916798,Llama,2
0.8165007112375533,0.0953058321479374,0.06401137980085349,0.04978662873399715,0.02133712660028449,0.00142247510668563,9,2.707085346821453,0.22753623188405797,0.43478260869565216,0.591304347826087,0.22753623188405797,116.06451612903226,5.214492753623189,22.258064516129032,0.12466124661246612,0.04607046070460705,0.25203252032520324,0.2195121951219512,0.07046070460704607,0.14905149051490515,0.06888068880688807,0.06273062730627306,0.11439114391143912,0.04428044280442804,0.02091020910209102,0.3111931119311193,NA,16,1,0.37681159420289856,Llama,2
0.8141843971631205,0.09787234042553192,0.06666666666666667,0.04539007092198582,0.02978723404255319,0.00141843971631205,9,2.700202387948271,0.22687861271676305,0.434971098265896,0.588150289017341,0.23265895953757224,115.6774193548387,5.182080924855492,22.322580645161292,0.12365591397849462,0.0456989247311828,0.2446236559139785,0.22043010752688172,0.06989247311827956,0.15053763440860216,0.06985294117647059,0.06372549019607843,0.11151960784313726,0.04411764705882353,0.02083333333333333,0.31004901960784315,NA,15,1,0.3786127167630058,Llama,2
0.8554913294797688,0.10597302504816956,0.06165703275529865,0.03660886319845857,0.01926782273603082,0.00770712909441233,9,2.839050667570801,0.2713178294573643,0.43992248062015504,0.5697674418604651,0.24806201550387597,106.12,5.141472868217054,20.64,0.08156028368794327,0.0673758865248227,0.24822695035460993,0.16312056737588654,0.02836879432624113,0.1347517730496454,0.0905982905982906,0.04615384615384615,0.11965811965811966,0.03076923076923077,0.03247863247863248,0.31965811965811963,NA,5,0.99031007751938,0.49612403100775193,Llama,2
0.7822878228782287,0.11808118081180811,0.06642066420664207,0.02214022140221402,0.04059040590405904,0.0055350553505535,8,2.7668365805700756,0.2602996254681648,0.42134831460674155,0.5617977528089888,0.24344569288389512,98.82142857142856,5.181647940074907,19.071428571428573,0.07482993197278912,0.07482993197278912,0.23129251700680273,0.14285714285714285,0.0238095238095238,0.11904761904761904,0.08814102564102565,0.04647435897435897,0.10897435897435898,0.03044871794871794,0.03525641025641025,0.3092948717948718,NA,8,0.98689138576779,0.50187265917603,Llama,2
0.7824497257769653,0.11151736745886656,0.08043875685557587,0.02010968921389397,0.03839122486288848,0.00182815356489945,9,2.836767490438861,0.2593283582089552,0.416044776119403,0.5578358208955224,0.24440298507462688,103.22222222222224,5.199626865671642,19.85185185185185,0.07046979865771812,0.06375838926174497,0.2348993288590604,0.12751677852348994,0.01006711409395973,0.1174496644295302,0.09177215189873418,0.04430379746835443,0.11075949367088608,0.04113924050632911,0.0300632911392405,0.3180379746835443,NA,10,0.988805970149254,0.4906716417910448,Llama,2
0.775,0.11346153846153846,0.06538461538461539,0.025,0.01346153846153846,0,11,2.9245909166866,0.21663442940038685,0.413926499032882,0.5705996131528046,0.23017408123791103,121.78260869565216,5.417794970986461,22.47826086956522,0.07773851590106007,0.0706713780918728,0.2120141342756184,0.1696113074204947,0.03180212014134275,0.13780918727915195,0.08514190317195326,0.05175292153589316,0.1001669449081803,0.02838063439065108,0.0333889816360601,0.2988313856427379,NA,8,0.990328820116054,0.5261121856866537,Llama,2
0.8317152103559871,0.11326860841423948,0.06957928802588997,0.02103559870550161,0.02265372168284789,0,12,3.008750554409453,0.21138211382113825,0.4373983739837398,0.6016260162601627,0.216260162601626,118.77777777777776,5.214634146341464,22.77777777777778,0.10397553516819572,0.08868501529051988,0.20489296636085627,0.1743119266055046,0.05198776758409786,0.12232415902140673,0.08321579689703808,0.07052186177715092,0.09449929478138223,0.03385049365303244,0.04090267983074753,0.3229901269393512,NA,13,0.980487804878049,0.47804878048780486,Llama,2
0.8079178885630498,0.1129032258064516,0.08211143695014662,0.02492668621700879,0.02052785923753665,0,12,3.0917811048888035,0.2259970457902511,0.43131462333825704,0.5849335302806499,0.23042836041358936,118.3,5.242245199409158,22.566666666666663,0.08695652173913043,0.07608695652173914,0.22010869565217392,0.16304347826086957,0.04347826086956521,0.11956521739130437,0.08939974457215837,0.05491698595146871,0.10344827586206896,0.03320561941251596,0.03575989782886334,0.3167305236270754,NA,19,0.982274741506647,0.4859675036927622,Llama,2
0.8552123552123552,0.06177606177606178,0.07142857142857142,0.02509652509652509,0.03667953667953668,0,9,2.7628834416826153,0.25098039215686274,0.4784313725490196,0.6352941176470588,0.19215686274509805,110.47826086956522,4.982352941176471,22.26086956521739,0.116,0.12,0.228,0.212,0.06,0.152,0.0943089430894309,0.07804878048780488,0.09268292682926828,0.03414634146341464,0.04878048780487805,0.34796747967479674,NA,14,0.986274509803922,0.4392156862745098,Llama,2
0.868421052631579,0.0756578947368421,0.0805921052631579,0.02302631578947368,0.04111842105263158,0,10,2.896834931524624,0.24916943521594684,0.48006644518272423,0.6478405315614618,0.2026578073089701,113.3846153846154,4.897009966777409,23.23076923076923,0.12,0.12,0.23666666666666664,0.19333333333333333,0.06333333333333334,0.13,0.09449929478138223,0.076163610719323,0.1001410437235543,0.03667136812411847,0.05077574047954866,0.35825105782792666,NA,13,0.981727574750831,0.4186046511627907,Llama,2
0.8740399385560675,0.07373271889400922,0.07680491551459294,0.02918586789554531,0.02918586789554531,0,10,2.954933109505391,0.24148606811145512,0.47987616099071206,0.6656346749226006,0.19349845201238391,115.66666666666669,4.8343653250774,24,0.13664596273291926,0.13043478260869565,0.2267080745341615,0.19254658385093168,0.06211180124223602,0.13043478260869565,0.09416445623342176,0.07692307692307693,0.09681697612732096,0.03846153846153846,0.05570291777188329,0.3620689655172414,NA,16,0.976780185758514,0.3993808049535604,Llama,2
0.8310626702997275,0.07629427792915532,0.05994550408719346,0.02316076294277929,0.05994550408719346,0,12,2.9900379084343003,0.2393397524071527,0.4704264099037138,0.6492434662998624,0.21182943603851445,114.74193548387096,4.8927097661623105,23.451612903225808,0.1291208791208791,0.1291208791208791,0.21428571428571427,0.1868131868131868,0.05769230769230769,0.1291208791208791,0.10096153846153846,0.06850961538461539,0.09375,0.03485576923076923,0.05649038461538461,0.3545673076923077,NA,13,0.980742778541953,0.4195323246217332,Llama,2
0.8271604938271605,0.07270233196159122,0.06310013717421124,0.02469135802469135,0.04938271604938271,0,12,3.0520753718991984,0.23994452149791956,0.46740638002773927,0.6477115117891817,0.20943134535367544,115.41935483870968,4.9625520110957,23.258064516129032,0.1298342541436464,0.1270718232044199,0.212707182320442,0.1878453038674033,0.05524861878453038,0.13259668508287292,0.09891435464414958,0.06875753920386007,0.09288299155609168,0.03618817852834741,0.05548854041013269,0.35223160434258144,NA,13,0.981969486823856,0.42302357836338417,Llama,2
0.825136612021858,0.07513661202185792,0.0546448087431694,0.03005464480874316,0.04918032786885246,0,12,3.0601534613059354,0.24447513812154695,0.468232044198895,0.6464088397790055,0.21823204419889505,116.03225806451611,4.968232044198895,23.35483870967742,0.1349862258953168,0.12396694214876032,0.21487603305785125,0.1873278236914601,0.05785123966942149,0.12947658402203857,0.09759036144578312,0.07228915662650602,0.09397590361445785,0.03855421686746988,0.05421686746987952,0.3566265060240964,NA,5,0.984806629834254,0.4240331491712707,Llama,2
0.874051593323217,0.11380880121396054,0.07435508345978756,0.01820940819423368,0.0424886191198786,0,10,2.909134274432133,0.22067901234567905,0.47530864197530864,0.6635802469135802,0.20679012345679013,114.64285714285714,4.953703703703703,23.142857142857142,0.1458966565349544,0.121580547112462,0.23708206686930092,0.18541033434650456,0.06990881458966565,0.11550151975683892,0.08718626155878467,0.07793923381770146,0.10303830911492734,0.04095112285336856,0.05284015852047556,0.3619550858652576,NA,10,0.976851851851852,0.3873456790123457,Llama,2
0.8586626139817629,0.1033434650455927,0.08054711246200608,0.0243161094224924,0.02735562310030395,0,10,2.879055163575678,0.22530864197530864,0.4675925925925926,0.6481481481481481,0.20987654320987653,113.46428571428572,4.902777777777778,23.142857142857142,0.13855421686746988,0.12048192771084336,0.23795180722891565,0.18072289156626503,0.06325301204819277,0.11746987951807228,0.08877284595300261,0.07441253263707572,0.1031331592689295,0.03655352480417755,0.05221932114882506,0.35509138381201044,NA,13,0.976851851851852,0.4151234567901234,Llama,2
0.8758169934640523,0.1084967320261438,0.0784313725490196,0.02875816993464052,0.0392156862745098,0,10,2.9131841163567853,0.22679045092838196,0.47480106100795755,0.6618037135278515,0.2015915119363395,114.9375,4.877984084880636,23.5625,0.14766839378238342,0.11917098445595854,0.23316062176165803,0.19170984455958548,0.06476683937823834,0.12694300518134716,0.08503401360544217,0.07709750566893424,0.1020408163265306,0.03968253968253968,0.05215419501133787,0.35600907029478457,NA,13,0.974801061007958,0.3740053050397878,Llama,2
0.8785425101214575,0.09986504723346828,0.07557354925775979,0.02294197031039136,0.03373819163292847,0,10,2.914786935779585,0.2270861833105335,0.4815321477428181,0.6580027359781122,0.20656634746922023,115.6774193548387,4.9056087551299585,23.580645161290324,0.1366120218579235,0.12295081967213116,0.24043715846994537,0.19398907103825136,0.07103825136612021,0.12295081967213116,0.08847497089639116,0.08032596041909197,0.10244470314318976,0.03958090803259604,0.05238649592549476,0.36321303841676367,NA,18,0.978112175102599,0.3912448700410397,Llama,2
0.847457627118644,0.10323574730354391,0.06163328197226502,0.02311248073959938,0.05084745762711865,0,12,3.0300330170481824,0.2308892355694228,0.47737909516380655,0.6552262090483619,0.21528861154446177,114.70370370370372,4.831513260530421,23.74074074074074,0.12962962962962962,0.13271604938271606,0.23148148148148148,0.18209876543209877,0.05864197530864197,0.12345679012345678,0.09851551956815116,0.07422402159244265,0.10121457489878542,0.03238866396761133,0.05802968960863697,0.3643724696356275,NA,14,0.978159126365055,0.41965678627145087,Llama,2
0.8541666666666666,0.09505208333333331,0.0703125,0.02213541666666666,0.02994791666666666,0,12,3.066252263946371,0.233201581027668,0.4795783926218709,0.6640316205533597,0.21212121212121213,115.5,4.869565217391305,23.71875,0.13246753246753246,0.12467532467532468,0.23896103896103896,0.18181818181818185,0.05974025974025974,0.12207792207792208,0.09267734553775744,0.07665903890160183,0.10526315789473684,0.03661327231121281,0.05491990846681922,0.36613272311212813,NA,16,0.977602108036891,0.3965744400527009,Llama,2
0.7974683544303798,0.09423347398030944,0.07454289732770746,0.04641350210970464,0.03656821378340366,0,9,2.890308909761879,0.22349570200573063,0.4369627507163324,0.6017191977077364,0.2163323782234957,121.1,5.20487106017192,23.266666666666666,0.12105263157894736,0.04736842105263158,0.23421052631578948,0.2131578947368421,0.07631578947368421,0.1368421052631579,0.0681265206812652,0.05961070559610705,0.10827250608272508,0.04744525547445255,0.0218978102189781,0.305352798053528,NA,12,1,0.3681948424068768,Llama,2
0.7940761636107193,0.09449929478138223,0.07193229901269393,0.05218617771509168,0.02820874471086036,0,9,2.888507349003796,0.22413793103448276,0.4382183908045977,0.603448275862069,0.21408045977011497,120.26666666666668,5.183908045977011,23.2,0.12169312169312169,0.04761904761904761,0.23544973544973544,0.21164021164021163,0.07407407407407407,0.13756613756613756,0.0695970695970696,0.05860805860805861,0.10866910866910869,0.04761904761904761,0.02197802197802198,0.3064713064713065,NA,12,1,0.367816091954023,Llama,2
0.801641586867305,0.09439124487004104,0.07250341997264022,0.03830369357045143,0.02735978112175102,0,9,2.866305789002863,0.2225312934631433,0.44089012517385257,0.6050069541029207,0.21974965229485396,124.83333333333331,5.208623087621697,23.966666666666665,0.11082474226804125,0.04639175257731959,0.23195876288659795,0.2190721649484536,0.07989690721649484,0.13917525773195877,0.06753554502369669,0.06042654028436019,0.1066350710900474,0.0509478672985782,0.02132701421800948,0.3068720379146919,NA,15,1,0.3616133518776078,Llama,2
0.78954802259887,0.09463276836158192,0.0748587570621469,0.04661016949152542,0.03107344632768361,0,9,2.892234375600388,0.22158273381294963,0.4359712230215827,0.6014388489208633,0.2158273381294964,120.63333333333334,5.207194244604317,23.166666666666668,0.12137203166226912,0.04749340369393139,0.23218997361477572,0.2110817941952507,0.07387862796833773,0.13720316622691292,0.06845965770171149,0.05867970660146699,0.10757946210268948,0.04767726161369193,0.02200488997555012,0.30440097799511,NA,13,1,0.3683453237410072,Llama,2
0.8016997167138811,0.09490084985835694,0.08498583569405099,0.05524079320113314,0.0339943342776204,0,9,2.886776665046955,0.21664275466284075,0.4404591104734577,0.6011477761836442,0.2195121951219512,121.8,5.242467718794835,23.233333333333334,0.11733333333333332,0.05333333333333334,0.22933333333333333,0.208,0.072,0.136,0.07248157248157248,0.06265356265356266,0.10565110565110564,0.04668304668304668,0.02457002457002457,0.31203931203931207,NA,16,0.997130559540889,0.3744619799139168,Llama,2
0.7863247863247863,0.07521367521367521,0.07179487179487179,0.04444444444444444,0.03247863247863248,0,13,3.0510928178246552,0.23488773747841105,0.4438687392055268,0.5975820379965457,0.22797927461139897,119.36,5.153713298791019,23.16,0.10299003322259136,0.07641196013289037,0.2425249169435216,0.18604651162790695,0.05647840531561462,0.12956810631229235,0.08955223880597014,0.06865671641791045,0.10895522388059702,0.03134328358208955,0.03432835820895522,0.3328358208955224,NA,8,0.994818652849741,0.4265975820379965,Llama,2
0.6791338582677166,0.10039370078740158,0.08267716535433071,0.06496062992125984,0.0452755905511811,0.00393700787401574,11,2.990736782829563,0.23705179282868527,0.4183266932270917,0.5358565737051793,0.2211155378486056,115.66666666666669,5.52988047808765,20.916666666666668,0.11450381679389313,0.13740458015267176,0.1984732824427481,0.16412213740458015,0.02671755725190839,0.13740458015267176,0.08319467554076539,0.064891846921797,0.08652246256239601,0.02495840266222961,0.05990016638935108,0.3194675540765391,NA,17,0.99601593625498,0.5258964143426295,Llama,2
0.7477477477477478,0.0936936936936937,0.07747747747747748,0.06666666666666667,0.04504504504504504,0,12,2.9461306923411725,0.23722627737226276,0.4562043795620438,0.5802919708029197,0.2281021897810219,118.375,5.184306569343065,22.833333333333332,0.16040955631399317,0.09897610921501708,0.22866894197952217,0.18771331058020477,0.0273037542662116,0.16040955631399317,0.08675078864353312,0.05993690851735016,0.1056782334384858,0.02996845425867508,0.04574132492113565,0.3280757097791798,NA,10,0.987226277372263,0.46167883211678834,Llama,2
0.7377622377622378,0.10664335664335664,0.06818181818181818,0.06293706293706294,0.03146853146853147,0,12,3.1452906204778373,0.24119718309859156,0.45422535211267606,0.6073943661971831,0.20246478873239435,122,5.154929577464789,23.666666666666668,0.14,0.09,0.25333333333333335,0.14666666666666667,0.02,0.12666666666666668,0.10681114551083593,0.05572755417956656,0.1176470588235294,0.02941176470588235,0.04179566563467492,0.35139318885448917,NA,16,0.97887323943662,0.43661971830985913,Llama,2
0.7767857142857143,0.10357142857142858,0.07857142857142857,0.07321428571428572,0.03928571428571428,0.00535714285714285,10,2.7208880504131163,0.20985401459854017,0.4343065693430657,0.5675182481751825,0.2335766423357664,112.3846153846154,5.3321167883211675,21.076923076923077,0.11846689895470384,0.06968641114982578,0.24390243902439024,0.1986062717770035,0.04878048780487805,0.14982578397212545,0.07275541795665634,0.08513931888544891,0.108359133126935,0.03250773993808049,0.03095975232198142,0.32972136222910214,NA,9,1,0.4233576642335766,Llama,2
0.7874396135265701,0.0933977455716586,0.07890499194847021,0.0853462157809984,0.04025764895330112,0.00644122383252818,10,2.9482205426530235,0.2098360655737705,0.4442622950819672,0.578688524590164,0.21967213114754097,121,5.355737704918033,22.59259259259259,0.13622291021671826,0.07739938080495357,0.24458204334365324,0.19504643962848295,0.02786377708978328,0.16718266253869968,0.0759493670886076,0.08438818565400844,0.1111111111111111,0.02953586497890295,0.03516174402250351,0.3361462728551336,NA,11,1,0.39672131147540984,Llama,2
0.7796610169491526,0.1016949152542373,0.08936825885978428,0.06933744221879815,0.04314329738058552,0.0061633281972265,10,2.9623159658653933,0.2128325508607199,0.4491392801251956,0.5712050078247262,0.2347417840375587,127.07407407407408,5.369327073552426,23.666666666666668,0.1355421686746988,0.07530120481927711,0.24397590361445784,0.2078313253012048,0.03313253012048193,0.1746987951807229,0.07651006711409396,0.08590604026845637,0.1087248322147651,0.03087248322147651,0.03355704697986577,0.33557046979865773,NA,5,1,0.38497652582159625,Llama,2
0.7129337539432177,0.11041009463722395,0.08517350157728706,0.05362776025236593,0.03785488958990536,0,11,2.8154565909479627,0.19523809523809524,0.40793650793650793,0.5412698412698412,0.2650793650793651,112.5,5.357142857142857,21,0.1253731343283582,0.09850746268656715,0.2656716417910448,0.10746268656716418,0.02686567164179104,0.08059701492537313,0.08027210884353742,0.06938775510204082,0.12108843537414966,0.03537414965986395,0.04489795918367346,0.3510204081632653,NA,16,0.995238095238095,0.4968253968253968,Mistral,3
0.7039370078740157,0.10078740157480316,0.07716535433070866,0.06299212598425197,0.03937007874015748,0.00157480314960629,12,2.808328495394285,0.1987281399046105,0.42130365659777425,0.5564387917329093,0.26073131955484896,111.3,5.3084260731319555,20.966666666666665,0.12238805970149254,0.0955223880597015,0.25671641791044775,0.1044776119402985,0.0208955223880597,0.08358208955223881,0.0814111261872456,0.07191316146540028,0.11668928086838534,0.03934871099050204,0.04341926729986431,0.35278154681139756,NA,15,0.995230524642289,0.4912559618441971,Mistral,3
0.7302405498281787,0.11168384879725086,0.07560137457044673,0.05670103092783505,0.03780068728522336,0.00171821305841924,11,2.800931879325226,0.19896193771626297,0.4204152249134948,0.5501730103806228,0.24394463667820068,105.86206896551724,5.311418685121107,19.93103448275862,0.13486842105263158,0.11513157894736842,0.2598684210526316,0.10197368421052631,0.02302631578947368,0.07894736842105263,0.07863501483679525,0.07270029673590504,0.1172106824925816,0.02967359050445104,0.05192878338278932,0.35014836795252224,NA,12,0.994809688581315,0.47750865051903113,Mistral,3
0.7495798319327731,0.11428571428571428,0.0773109243697479,0.06050420168067227,0.04033613445378151,0.00168067226890756,12,2.708293682341563,0.19830508474576272,0.43389830508474575,0.5661016949152542,0.2559322033898305,105.20689655172414,5.171186440677966,20.344827586206897,0.12459016393442623,0.11147540983606558,0.26229508196721313,0.1180327868852459,0.02950819672131147,0.08852459016393442,0.08853410740203194,0.06966618287373004,0.11611030478955008,0.03047895500725689,0.04934687953555878,0.35413642960812775,NA,13,0.993220338983051,0.48135593220338985,Mistral,3
0.7262443438914027,0.10180995475113122,0.0746606334841629,0.06561085972850679,0.03846153846153846,0.00226244343891402,9,2.5179242146411256,0.20823798627002288,0.41418764302059496,0.5697940503432495,0.2334096109839817,105.8181818181818,5.327231121281464,19.863636363636363,0.09829059829059827,0.08547008547008547,0.2564102564102564,0.1153846153846154,0.02136752136752136,0.09401709401709402,0.08155339805825243,0.06990291262135923,0.11650485436893204,0.03495145631067961,0.03883495145631067,0.341747572815534,NA,12,1,0.5446224256292906,Mistral,3
0.7050473186119873,0.1056782334384858,0.0946372239747634,0.06151419558359621,0.03470031545741325,0.00157728706624605,11,2.8279177436785012,0.19206349206349208,0.42063492063492064,0.5587301587301587,0.2619047619047619,106.90322580645162,5.26031746031746,20.322580645161292,0.10810810810810811,0.09309309309309308,0.26426426426426425,0.11411411411411412,0.03003003003003003,0.08408408408408409,0.08163265306122448,0.07210884353741497,0.11972789115646258,0.0380952380952381,0.04217687074829932,0.35374149659863946,NA,17,0.995238095238095,0.4968253968253968,Mistral,3
0.6638795986622074,0.11872909698996656,0.1137123745819398,0.04682274247491638,0.04849498327759197,0.00167224080267558,11,2.823547417415785,0.2613065326633166,0.423785594639866,0.5644891122278057,0.27638190954773867,112.3793103448276,5.458961474036851,20.58620689655172,0.0790273556231003,0.06990881458966565,0.2279635258358663,0.14893617021276595,0.03951367781155015,0.1094224924012158,0.09278350515463918,0.05891016200294551,0.11045655375552282,0.01914580265095729,0.03387334315169366,0.31516936671575846,NA,1,0.998324958123953,0.507537688442211,Mistral,3
0.6719022687609075,0.10296684118673648,0.08376963350785341,0.03839441535776614,0.04537521815008726,0.00523560209424083,8,2.7468589110581956,0.23809523809523808,0.42857142857142855,0.5502645502645502,0.25573192239858905,103.86666666666666,5.495590828924162,18.9,0.08544303797468354,0.06962025316455696,0.2120253164556962,0.1518987341772152,0.03164556962025317,0.12025316455696204,0.08774583963691376,0.05748865355521936,0.10136157337367624,0.01815431164901664,0.03328290468986384,0.2980332829046899,NA,-5,0.994708994708995,0.5220458553791887,Mistral,3
0.6595441595441596,0.09116809116809116,0.1153846153846154,0.05982905982905983,0.04415954415954416,0,15,2.664028979989303,0.23959827833572453,0.41750358680057387,0.5480631276901005,0.26398852223816355,108.14285714285714,5.430416068866571,19.914285714285715,0.09020618556701032,0.06185567010309278,0.2268041237113402,0.14690721649484537,0.02061855670103092,0.12628865979381443,0.08631319358816276,0.0530209617755857,0.10850801479654748,0.01849568434032059,0.02959309494451294,0.2959309494451295,NA,2,0.994261119081779,0.49067431850789095,Mistral,3
0.6319444444444444,0.07407407407407407,0.10648148148148148,0.03935185185185185,0.05092592592592592,0.00462962962962962,9,2.617566304918953,0.25813953488372093,0.413953488372093,0.54186046511627906,0.2627906976744186,103.34782608695652,5.527906976744186,18.695652173913043,0.06140350877192982,0.08333333333333333,0.23684210526315788,0.15789473684210523,0.03947368421052631,0.11842105263157894,0.09484536082474226,0.03505154639175258,0.11134020618556702,0.02061855670103092,0.03917525773195876,0.30103092783505153,NA,9,0.997674418604651,0.5767441860465117,Mistral,3
0.631578947368421,0.08210526315789474,0.0968421052631579,0.02736842105263158,0.03789473684210526,0.00421052631578947,9,2.6347765936630005,0.25792811839323465,0.3911205073995771,0.49471458773784355,0.2917547568710359,102.1153846153846,5.613107822410148,18.192307692307693,0.07954545454545454,0.07954545454545454,0.2196969696969697,0.14015151515151514,0.01893939393939394,0.12121212121212122,0.07875457875457875,0.03296703296703297,0.10622710622710622,0.03113553113553113,0.03846153846153846,0.2875457875457875,NA,9,0.997885835095137,0.5708245243128964,Mistral,3
0.6374501992031872,0.09163346613545816,0.10159362549800798,0.03585657370517928,0.03585657370517928,0.00398406374501992,10,2.6266130098979463,0.2654690618762475,0.3972055888223553,0.5189620758483033,0.2954091816367265,101.37037037037037,5.463073852295409,18.555555555555557,0.07220216606498195,0.06859205776173286,0.23826714801444043,0.13357400722021662,0.01444043321299639,0.11913357400722022,0.08994708994708994,0.02998236331569664,0.1164021164021164,0.02821869488536155,0.03350970017636684,0.2980599647266314,NA,13,0.998003992015968,0.5449101796407185,Mistral,3
0.6825775656324582,0.1026252983293556,0.081145584725537,0.0405727923627685,0.05489260143198091,0,9,2.8720546249337775,0.2302158273381295,0.4364508393285372,0.6067146282973621,0.21103117505995203,110.7,5.309352517985611,20.95,0.12844036697247707,0.10091743119266056,0.2018348623853211,0.14220183486238533,0.05504587155963303,0.0871559633027523,0.1079429735234216,0.05906313645621181,0.08961303462321792,0.02240325865580448,0.04480651731160896,0.32382892057026474,NA,13,0.997601918465228,0.5323741007194245,Mistral,3
0.6600441501103753,0.08388520971302428,0.06622516556291391,0.04194260485651214,0.04856512141280353,0,9,2.613657559580229,0.23333333333333336,0.4111111111111111,0.5644444444444444,0.23333333333333336,105.65217391304348,5.4,19.565217391304348,0.10080645161290322,0.0564516129032258,0.2379032258064516,0.13306451612903225,0.03225806451612903,0.10080645161290322,0.10436432637571158,0.04933586337760911,0.11195445920303604,0.01897533206831119,0.02656546489563567,0.3111954459203036,NA,1,0.993333333333333,0.5333333333333333,Mistral,3
0.7137681159420289,0.12681159420289856,0.10144927536231883,0.04891304347826087,0.05072463768115942,0,10,2.6739794112887565,0.2300724637681159,0.4528985507246377,0.6068840579710145,0.22644927536231885,108.23076923076924,5.0978260869565215,21.23076923076923,0.12014134275618374,0.0989399293286219,0.20848056537102477,0.13780918727915195,0.04593639575971731,0.09187279151943464,0.11737089201877934,0.06729264475743349,0.09233176838810642,0.02503912363067292,0.04381846635367762,0.3458528951486698,NA,6,0.994565217391304,0.48731884057971014,Mistral,3
0.6941624365482234,0.09390862944162436,0.10152284263959392,0.05710659898477157,0.04695431472081218,0.00507614213197969,14,3.356011699643112,0.25287356321839083,0.43167305236270753,0.5504469987228607,0.30395913154533843,131.15151515151516,5.527458492975734,23.75757575757576,0.08037825059101655,0.07092198581560284,0.2198581560283688,0.17257683215130024,0.06382978723404255,0.10874704491725767,0.10718358038768527,0.05131128848346636,0.10604332953249716,0.02052451539338654,0.03420752565564424,0.31927023945267957,NA,7,0.998722860791826,0.44189016602809705,Mistral,3
0.6975446428571429,0.08928571428571429,0.09151785714285714,0.0546875,0.04799107142857143,0.00223214285714285,12,3.0890462457011187,0.250561797752809,0.44831460674157303,0.5865168539325842,0.2595505617977528,119.3,5.361797752808989,22.25,0.09247311827956987,0.07526881720430108,0.23655913978494625,0.16559139784946236,0.04516129032258064,0.12043010752688171,0.11336032388663968,0.05870445344129554,0.11133603238866396,0.01518218623481781,0.0354251012145749,0.3340080971659919,NA,4,0.997752808988764,0.398876404494382,Mistral,3
0.6995708154506438,0.09549356223175966,0.0965665236051502,0.0482832618025751,0.04721030042918455,0.00536480686695279,16,3.3960694192401597,0.2621359223300971,0.4336569579288026,0.5587918015102481,0.29557713052858686,133.1578947368421,5.458468176914779,24.394736842105264,0.08401639344262295,0.07172131147540983,0.2315573770491803,0.17008196721311475,0.06147540983606557,0.10860655737704918,0.11486486486486489,0.04922779922779923,0.10907335907335908,0.01833976833976834,0.03378378378378378,0.3252895752895753,NA,8,0.998921251348436,0.42826321467098166,Mistral,3
0.6764044943820224,0.11910112359550562,0.09662921348314608,0.0449438202247191,0.06067415730337078,0.00449438202247191,12,2.985386856979983,0.2585034013605442,0.42857142857142855,0.5827664399092971,0.2471655328798186,116.65,5.290249433106576,22.05,0.06493506493506493,0.05194805194805195,0.26406926406926406,0.17316017316017315,0.05194805194805195,0.12121212121212122,0.10433070866141732,0.04724409448818897,0.12007874015748032,0.03149606299212598,0.02362204724409448,0.32677165354330706,NA,3,1,0.562358276643991,Mistral,3
0.6036217303822937,0.14285714285714285,0.10865191146881288,0.04426559356136821,0.05231388329979879,0.00201207243460764,11,3.0636999429373826,0.2459349593495935,0.4044715447154472,0.556910569105691,0.25,116.47826086956522,5.445121951219512,21.347826086956523,0.04511278195488721,0.04511278195488721,0.2556390977443609,0.13533834586466165,0.03759398496240601,0.09774436090225563,0.1097770154373928,0.04631217838765009,0.11663807890222984,0.03945111492281304,0.02058319039451115,0.33276157804459694,NA,4,1,0.540650406504065,Mistral,3
0.6260683760683761,0.12606837606837606,0.1111111111111111,0.06837606837606838,0.03632478632478633,0,11,2.8473664227057127,0.25591397849462366,0.3935483870967742,0.55053763440860215,0.2731182795698925,106.08333333333331,5.475268817204301,19.333333333333332,0.04838709677419355,0.04032258064516129,0.28225806451612906,0.13306451612903225,0.03629032258064516,0.0967741935483871,0.09392265193370164,0.05524861878453038,0.1289134438305709,0.04788213627992634,0.01841620626151013,0.3443830570902394,NA,9,1,0.5268817204301075,Mistral,3
0.5945945945945946,0.13513513513513514,0.1009009009009009,0.04504504504504504,0.04864864864864865,0.0018018018018018,11,2.996615369015827,0.23679417122040072,0.4080145719489982,0.5737704918032787,0.24225865209471767,110.62962962962963,5.4408014571949,20.333333333333332,0.05405405405405406,0.05067567567567568,0.26013513513513514,0.125,0.03716216216216216,0.08783783783783784,0.10681114551083593,0.05108359133126935,0.11919504643962849,0.04024767801857585,0.02321981424148607,0.34055727554179566,NA,5,1,0.5027322404371585,Mistral,3
0.7738317757009345,0.08785046728971962,0.09345794392523364,0.04859813084112149,0.02242990654205607,0.00560747663551401,9,2.8430423628732395,0.2518939393939394,0.4412878787878788,0.5776515151515151,0.25757575757575757,117.75,5.3522727272727275,22,0.05653710247349823,0.06713780918727916,0.20848056537102477,0.1625441696113074,0.0353356890459364,0.127208480565371,0.10344827586206896,0.06075533661740558,0.09688013136289,0.03776683087027915,0.03119868637110016,0.33004926108374383,NA,-2,0.998106060606061,0.5018939393939394,Mistral,3
0.683371298405467,0.12984054669703873,0.1184510250569476,0.03189066059225513,0.05239179954441914,0.00455580865603644,12,2.8689870872780734,0.25517241379310346,0.4551724137931034,0.593103448275862,0.2413793103448276,96.54166666666669,5.326436781609195,18.125,0.07207207207207207,0.09009009009009009,0.25225225225225223,0.16666666666666666,0.07657657657657657,0.09009009009009009,0.10261569416498996,0.06841046277665996,0.11267605633802816,0.02414486921529175,0.04024144869215292,0.34808853118712274,NA,10,1,0.5126436781609195,Mistral,3
0.6035398230088496,0.12035398230088495,0.12389380530973453,0.04070796460176991,0.03185840707964602,0,10,2.728628750185624,0.2353982300884956,0.3964601769911504,0.5327433628318584,0.24601769911504423,108.3103448275862,5.55929203539823,19.482758620689655,0.07894736842105263,0.0756578947368421,0.2236842105263158,0.10197368421052631,0.029605263157894732,0.07236842105263158,0.10670731707317072,0.0350609756097561,0.10365853658536583,0.03810975609756097,0.0350609756097561,0.31859756097560976,NA,14,1,0.5256637168141592,Mistral,3
0.6059544658493871,0.1085814360770578,0.12609457092819615,0.03502626970227671,0.03677758318739054,0,10,2.7660277582374517,0.23117338003502627,0.3975481611208406,0.532399299474606,0.24518388791593695,109.41379310344828,5.5569176882662,19.689655172413794,0.08524590163934426,0.07213114754098361,0.23278688524590163,0.10163934426229508,0.02950819672131147,0.07213114754098361,0.1043872919818457,0.03479576399394856,0.10741301059001512,0.03630862329803328,0.03328290468986384,0.3161875945537065,NA,14,1,0.521891418563923,Mistral,3
0.6260869565217392,0.1217391304347826,0.12869565217391304,0.02782608695652174,0.04347826086956521,0,11,2.852739874134449,0.2264808362369338,0.40069686411149824,0.5331010452961672,0.24738675958188153,110.93103448275862,5.604529616724738,19.79310344827586,0.08469055374592833,0.0749185667752443,0.2247557003257329,0.11400651465798044,0.03583061889250814,0.0781758957654723,0.1021021021021021,0.04054054054054054,0.1036036036036036,0.02852852852852852,0.03453453453453453,0.30930930930930933,NA,14,1,0.5139372822299652,Mistral,3
0.6083032490974729,0.09386281588447654,0.13176895306859207,0.03068592057761732,0.03249097472924187,0.00180505415162454,9,2.517569174235258,0.2300724637681159,0.38768115942028986,0.5235507246376812,0.2572463768115942,101.64516129032258,5.708333333333333,17.806451612903224,0.06354515050167224,0.08361204013377926,0.2274247491638796,0.10702341137123746,0.02341137123745819,0.08361204013377926,0.09907120743034056,0.04024767801857585,0.10526315789473684,0.02631578947368421,0.03869969040247678,0.30959752321981426,NA,7,1,0.5344202898550725,Mistral,3
0.6151012891344383,0.1160220994475138,0.11049723756906076,0.05156537753222836,0.03130755064456722,0,9,2.6937799779535445,0.2357274401473297,0.40331491712707185,0.5303867403314917,0.24125230202578268,106.64285714285714,5.499079189686925,19.392857142857142,0.08163265306122448,0.07482993197278912,0.22789115646258504,0.1020408163265306,0.0238095238095238,0.0782312925170068,0.09872611464968152,0.03503184713375796,0.10668789808917198,0.03821656050955414,0.03503184713375796,0.31369426751592355,NA,13,1,0.5377532228360957,Mistral,3
0.6353211009174312,0.10091743119266056,0.13073394495412843,0.0481651376146789,0.02522935779816514,0,10,2.6661447298712697,0.21788990825688073,0.4013761467889908,0.5321100917431193,0.25,96.12,5.511467889908257,17.44,0.09565217391304348,0.09130434782608696,0.21739130434782608,0.13478260869565217,0.0391304347826087,0.09565217391304348,0.099601593625498,0.04183266932270916,0.099601593625498,0.0199203187250996,0.04183266932270916,0.30278884462151395,NA,8,1,0.5458715596330275,Mistral,3
0.6893039049235993,0.11035653650254668,0.0899830220713073,0.06621392190152801,0.03056027164685908,0.00339558573853989,10,2.6682782649133245,0.21649484536082475,0.41580756013745707,0.570446735395189,0.2216494845360825,104.36666666666666,5.379725085910653,19.4,0.11075949367088608,0.11075949367088608,0.1930379746835443,0.17721518987341772,0.03164556962025317,0.14556962025316456,0.07132459970887918,0.06550218340611354,0.08879184861717612,0.02765647743813682,0.05094614264919941,0.3042212518195051,NA,7,0.998281786941581,0.4742268041237113,Mistral,3
0.7004405286343612,0.08370044052863436,0.09104258443465492,0.06020558002936858,0.04258443465491923,0.00293685756240822,10,2.7689778733097348,0.2344213649851632,0.4599406528189911,0.5934718100890207,0.2225519287833828,111.46875,5.292284866468843,21.0625,0.12181303116147307,0.13031161473087818,0.1813031161473088,0.18413597733711048,0.0453257790368272,0.1388101983002833,0.0754226267880364,0.08322496749024708,0.08322496749024708,0.0247074122236671,0.05981794538361508,0.32639791937581275,NA,7,0.998516320474777,0.4362017804154303,Mistral,3
0.6985714285714286,0.10285714285714286,0.09857142857142856,0.05142857142857143,0.02428571428571428,0.00142857142857142,10,2.742081337857548,0.24103299856527977,0.4375896700143472,0.5796269727403156,0.2467718794835007,110.87878787878788,5.2496413199426115,21.12121212121212,0.10714285714285714,0.1153846153846154,0.2032967032967033,0.17582417582417584,0.0521978021978022,0.12362637362637365,0.08894536213468869,0.06607369758576874,0.0940279542566709,0.0266836086404066,0.05336721728081321,0.3290978398983482,NA,12,0.995695839311334,0.4677187948350072,Mistral,3
0.684331797235023,0.08640552995391705,0.0933179723502304,0.05990783410138248,0.03456221198156682,0.00230414746543778,12,2.9742618654499773,0.22658959537572257,0.4427745664739885,0.5872832369942197,0.23352601156069364,115.6,5.345664739884393,21.6,0.0782608695652174,0.07608695652173914,0.24347826086956523,0.16304347826086957,0.04347826086956521,0.11956521739130437,0.1,0.06354166666666666,0.11666666666666668,0.015625,0.03645833333333333,0.33229166666666665,NA,6,0.997685185185185,0.3884393063583815,Mistral,3
0.6727861771058316,0.08747300215982722,0.09935205183585312,0.06263498920086392,0.03563714902807775,0.00215982721382289,12,3.032952308338261,0.22258414766558088,0.4386536373507057,0.5819761129207384,0.23344191096634093,115.69767441860463,5.401737242128122,21.41860465116279,0.08450704225352113,0.07042253521126761,0.2414486921529175,0.16096579476861167,0.04024144869215292,0.12072434607645877,0.09922178988326848,0.06031128404669261,0.11673151750972764,0.01459143968871595,0.03404669260700389,0.32490272373540857,NA,0,NA,0.38327904451682954,Mistral,3
0.6793032786885246,0.0860655737704918,0.09221311475409837,0.0625,0.03995901639344262,0.0040983606557377,12,3.0482409849489427,0.2237113402061856,0.44123711340206184,0.5835051546391753,0.2309278350515464,116.26666666666668,5.393814432989691,21.555555555555557,0.08829174664107485,0.07293666026871401,0.2437619961612284,0.15738963531669867,0.04030710172744722,0.11708253358925144,0.0976958525345622,0.06267281105990784,0.11705069124423964,0.02027649769585253,0.03502304147465437,0.3327188940092166,NA,9,0.996742671009772,0.3845360824742268,Mistral,3
0.6631393298059964,0.1111111111111111,0.12698412698412698,0.06525573192239859,0.04056437389770723,0,11,2.501363043056328,0.20212765957446807,0.4007092198581561,0.5514184397163121,0.26063829787234044,92.34375,5.23936170212766,17.625,0.1404109589041096,0.1541095890410959,0.2534246575342466,0.13013698630136986,0.0410958904109589,0.08904109589041095,0.0781010719754977,0.04134762633996937,0.11332312404287902,0.02143950995405819,0.06891271056661562,0.3231240428790199,NA,5,0.99822695035461,0.5638297872340425,GPT,1
0.6353166986564299,0.11132437619961612,0.07485604606525911,0.02111324376199616,0.05950095969289827,0,11,2.8331668488572275,0.2553191489361702,0.38104448742746616,0.5570599613152805,0.2611218568665377,102.55555555555556,5.355899419729207,19.14814814814815,0.12982456140350876,0.09824561403508772,0.18947368421052632,0.0912280701754386,0.03508771929824561,0.05614035087719298,0.12033898305084746,0.03050847457627118,0.09152542372881356,0.02203389830508474,0.04745762711864407,0.3135593220338983,0.00169491525423728,0,0.992263056092843,0.5531914893617021,GPT,1
0.68359375,0.130859375,0.0859375,0.03125,0.0390625,0.001953125,9,2.5033663785568363,0.21669980119284293,0.3996023856858847,0.5467196819085487,0.2624254473161034,94.46428571428572,5.258449304174951,17.964285714285715,0.11636363636363636,0.10181818181818182,0.23636363636363636,0.13090909090909092,0.04363636363636364,0.08727272727272728,0.0962837837837838,0.04391891891891892,0.1097972972972973,0.02195945945945946,0.0472972972972973,0.31925675675675674,NA,10,0.992047713717694,0.5904572564612326,GPT,1
0.63005780346820806,0.1213872832369942,0.10597302504816956,0.08092485549132948,0.04238921001926782,0.00385356454720616,10,2.7437241383161637,0.1926070038910506,0.3677042801556421,0.5486381322957199,0.2470817120622568,110.08,5.35408560311284,20.56,0.15916955017301038,0.1245674740484429,0.19377162629757785,0.12802768166089964,0.05536332179930796,0.0726643598615917,0.0707070707070707,0.04882154882154882,0.09427609427609428,0.02525252525252525,0.06060606060606061,0.2996632996632997,NA,9,0.998054474708171,0.585603112840467,GPT,1
0.8118811881188119,0.0975954738330976,0.06364922206506365,0.04809052333804809,0.03394625176803394,0.00141442715700141,9,2.741412410634657,0.22510822510822512,0.4357864357864358,0.5873015873015873,0.23232323232323232,115.61290322580643,5.171717171717172,22.35483870967742,0.13333333333333333,0.04533333333333334,0.23733333333333337,0.22133333333333333,0.06933333333333333,0.152,0.0695970695970696,0.06349206349206349,0.10866910866910869,0.04395604395604396,0.02075702075702075,0.3064713064713065,NA,13,1,0.37662337662337664,Llama,2
0.7372134038800705,0.054673721340388,0.11816578483245148,0.04585537918871252,0.04232804232804232,0,14,3.084084995894272,0.25754884547069273,0.46714031971580816,0.6181172291296625,0.2344582593250444,123.91304347826087,5.0621669626998225,24.47826086956522,0.08602150537634409,0.08960573476702509,0.25806451612903225,0.15770609318996415,0.04301075268817204,0.11469534050179211,0.09876543209876544,0.08641975308641975,0.1111111111111111,0.03086419753086419,0.03858024691358024,0.3657407407407408,NA,7,1,0.4245115452930728,Llama,2
0.7586206896551724,0.08374384236453201,0.10673234811165844,0.03119868637110016,0.0361247947454844,0,14,3.084982235963538,0.2600671140939597,0.4479865771812081,0.6023489932885906,0.24161073825503357,125.375,5.048657718120805,24.833333333333332,0.0903010033444816,0.09364548494983276,0.27424749163879597,0.14381270903010032,0.04347826086956521,0.10033444816053512,0.1028169014084507,0.07042253521126761,0.11549295774647889,0.03661971830985915,0.03943661971830986,0.3647887323943662,NA,9,0.998322147651007,0.4211409395973154,Llama,2
0.7067961165048544,0.08932038834951456,0.10485436893203884,0.10097087378640776,0.03495145631067961,0.00194174757281553,10,3.0133149717321763,0.21825396825396823,0.3968253968253968,0.5396825396825397,0.24404761904761904,132.28571428571428,5.511904761904762,24,0.16428571428571428,0.08571428571428572,0.20714285714285716,0.175,0.02857142857142857,0.14642857142857144,0.07166123778501629,0.06840390879478828,0.09446254071661238,0.03094462540716612,0.03908794788273615,0.30456026058631924,NA,10,1,0.4166666666666667,Llama,2
0.699468085106383,0.07180851063829788,0.11436170212765956,0.03191489361702127,0.0398936170212766,0.01063829787234042,10,2.470898408983161,0.21680216802168023,0.4281842818428184,0.5582655826558266,0.21680216802168023,102.63157894736842,5.284552845528455,19.42105263157895,0.11891891891891893,0.12972972972972974,0.24324324324324328,0.14594594594594595,0.01621621621621621,0.12972972972972974,0.08333333333333333,0.07207207207207207,0.10135135135135136,0.02702702702702703,0.05405405405405406,0.33783783783783783,NA,8,0.994579945799458,0.5718157181571816,Mistral,3
0.6431372549019608,0.1,0.10588235294117648,0.03137254901960784,0.05294117647058823,0.00392156862745098,11,2.7339869312551444,0.24703557312252963,0.424901185770751,0.5968379446640316,0.21739130434782608,112.41666666666669,5.33201581027668,21.083333333333332,0.08921933085501858,0.08921933085501858,0.21933085501858737,0.15613382899628253,0.0483271375464684,0.10780669144981413,0.10437710437710436,0.06060606060606061,0.09932659932659932,0.01515151515151515,0.04040404040404041,0.31986531986531985,NA,19,1,0.49209486166007904,Mistral,3
0.5894736842105263,0.09894736842105264,0.09052631578947368,0.06105263157894736,0.03789473684210526,0.00421052631578947,11,2.7502392446514072,0.20726495726495728,0.4017094017094017,0.561965811965812,0.25,113.9090909090909,5.354700854700854,21.272727272727273,0.11507936507936509,0.09523809523809525,0.2023809523809524,0.14285714285714285,0.02777777777777777,0.11507936507936509,0.0976491862567812,0.06329113924050633,0.0922242314647378,0.02893309222423146,0.0433996383363472,0.325497287522604,NA,10,0.997863247863248,0.5598290598290598,Mistral,3
0.7040572792362768,0.15035799522673032,0.07159904534606205,0.081145584725537,0.03818615751789976,0.01193317422434367,11,2.5295308823989653,0.23980815347721823,0.4196642685851319,0.5563549160671463,0.2278177458033573,103.9090909090909,5.482014388489208,18.954545454545453,0.12444444444444444,0.12444444444444444,0.20444444444444448,0.16,0.02666666666666667,0.13333333333333333,0.0794979079497908,0.06903765690376569,0.09623430962343096,0.01673640167364016,0.05857740585774058,0.3200836820083682,NA,8,0.997601918465228,0.5563549160671463,Mistral,3
